error_rate,continuation_probability,replicate,root_seed,trials,max_rounds,mean_match_length,settled_generation,n_survivors,cooperation_rate,mean_payoff,non_defector_share,share_Always_Cooperate,share_Always_Defect,share_Tit-for-Tat,share_Tit-for-Two-Tats,share_Two-Tits-for-Tat,share_Grim_Trigger,share_Generous_TFT,share_Contrite_TFT,share_Pavlov,share_Suspicious_TFT,share_Prober,share_Gradual,share_Soft_Majority,share_Random,share_Alternator,survivors
0,0.5,0,20260902,800,14,2.0026,323,2,0.000000,1.000000,0.301129,0.000000,0.698871,0.000000,0.000000,0.000000,0.000000,0.000000,0.000000,0.000000,0.301129,0.000000,0.000000,0.000000,0.000000,0.000000,"Always Defect;Suspicious TFT"
0,0.5,1,20260903,800,14,1.9999,331,2,0.000000,1.000000,0.320301,0.000000,0.679699,0.000000,0.000000,0.000000,0.000000,0.000000,0.000000,0.000000,0.320301,0.000000,0.000000,0.000000,0.000000,0.000000,"Always Defect;Suspicious TFT"
0,0.5,2,20260904,800,14,1.9973,336,2,0.000000,1.000000,0.304333,0.000000,0.695667,0.000000,0.000000,0.000000,0.000000,0.000000,0.000000,0.000000,0.304333,0.000000,0.000000,0.000000,0.000000,0.000000,"Always Defect;Suspicious TFT"
0,0.5,3,20260905,800,14,1.9926,281,2,0.000000,1.000000,0.291754,0.000000,0.708246,0.000000,0.000000,0.000000,0.000000,0.000000,0.000000,0.000000,0.291754,0.000000,0.000000,0.000000,0.000000,0.000000,"Always Defect;Suspicious TFT"
0,0.5,4,20260906,800,14,2.0016,552,2,0.000000,1.000000,0.352713,0.000000,0.647287,0.000000,0.000000,0.000000,0.000000,0.000000,0.000000,0.000000,0.352713,0.000000,0.000000,0.000000,0.000000,0.000000,"Always Defect;Suspicious TFT"
0.02,0.5,0,20260902,800,14,2.0026,4246,4,0.333024,1.897228,0.849617,0.000000,0.150383,0.222661,0.000000,0.000000,0.000000,0.000000,0.000000,0.000000,0.479871,0.000000,0.000000,0.000000,0.000000,0.147086,"Always Defect;Tit-for-Tat;Suspicious TFT;Alternator"
0.02,0.5,1,20260903,800,14,1.9999,3230,1,0.019608,1.058824,0.000000,0.000000,1.000000,0.000000,0.000000,0.000000,0.000000,0.000000,0.000000,0.000000,0.000000,0.000000,0.000000,0.000000,0.000000,0.000000,"Always Defect"
0.02,0.5,2,20260904,800,14,1.9973,8027,4,0.313838,1.848267,0.828667,0.000000,0.171333,0.000000,0.000000,0.000000,0.000000,0.000000,0.202213,0.000000,0.480785,0.000000,0.000000,0.000000,0.000000,0.145669,"Always Defect;Contrite TFT;Suspicious TFT;Alternator"
0.02,0.5,3,20260905,800,14,1.9926,11662,5,0.330253,1.882606,0.835167,0.000000,0.164833,0.234147,0.000000,0.000000,0.000000,0.000000,0.000000,0.000000,0.469972,0.006170,0.000000,0.000000,0.000000,0.124878,"Always Defect;Tit-for-Tat;Suspicious TFT;Prober;Alternator"
0.02,0.5,4,20260906,800,14,2.0016,2874,1,0.020484,1.060211,0.000000,0.000000,1.000000,0.000000,0.000000,0.000000,0.000000,0.000000,0.000000,0.000000,0.000000,0.000000,0.000000,0.000000,0.000000,0.000000,"Always Defect"
0.04,0.5,0,20260902,800,14,2.0026,1743,1,0.043385,1.128308,0.000000,0.000000,1.000000,0.000000,0.000000,0.000000,0.000000,0.000000,0.000000,0.000000,0.000000,0.000000,0.000000,0.000000,0.000000,0.000000,"Always Defect"
0.04,0.5,1,20260903,800,14,1.9999,2731,1,0.043643,1.129665,0.000000,0.000000,1.000000,0.000000,0.000000,0.000000,0.000000,0.000000,0.000000,0.000000,0.000000,0.000000,0.000000,0.000000,0.000000,0.000000,"Always Defect"
0.04,0.5,2,20260904,800,14,1.9973,1442,1,0.038250,1.114137,0.000000,0.000000,1.000000,0.000000,0.000000,0.000000,0.000000,0.000000,0.000000,0.000000,0.000000,0.000000,0.000000,0.000000,0.000000,0.000000,"Always Defect"
0.04,0.5,3,20260905,800,14,1.9926,7556,5,0.331132,1.873704,0.809475,0.000000,0.190525,0.278777,0.000000,0.000000,0.000000,0.000000,0.000000,0.000000,0.457091,0.017083,0.000000,0.000000,0.000000,0.056523,"Always Defect;Tit-for-Tat;Suspicious TFT;Prober;Alternator"
0.04,0.5,4,20260906,800,14,2.0016,2011,1,0.038175,1.112663,0.000000,0.000000,1.000000,0.000000,0.000000,0.000000,0.000000,0.000000,0.000000,0.000000,0.000000,0.000000,0.000000,0.000000,0.000000,0.000000,"Always Defect"
0.06,0.5,0,20260902,800,14,2.0026,1079,1,0.062769,1.184615,0.000000,0.000000,1.000000,0.000000,0.000000,0.000000,0.000000,0.000000,0.000000,0.000000,0.000000,0.000000,0.000000,0.000000,0.000000,0.000000,"Always Defect"
0.06,0.5,1,20260903,800,14,1.9999,1378,1,0.067362,1.198925,0.000000,0.000000,1.000000,0.000000,0.000000,0.000000,0.000000,0.000000,0.000000,0.000000,0.000000,0.000000,0.000000,0.000000,0.000000,0.000000,"Always Defect"
0.06,0.5,2,20260904,800,14,1.9973,9598,4,0.330984,1.899660,0.953140,0.000000,0.046860,0.102161,0.000000,0.000000,0.000000,0.000000,0.000000,0.000000,0.642415,0.000000,0.000000,0.000000,0.000000,0.208564,"Always Defect;Tit-for-Tat;Suspicious TFT;Alternator"
0.06,0.5,3,20260905,800,14,1.9926,1574,1,0.057857,1.169625,0.000000,0.000000,1.000000,0.000000,0.000000,0.000000,0.000000,0.000000,0.000000,0.000000,0.000000,0.000000,0.000000,0.000000,0.000000,0.000000,"Always Defect"
0.06,0.5,4,20260906,800,14,2.0016,58760,6,0.231701,1.636257,0.747716,0.000000,0.252284,0.000000,0.000000,0.000000,0.044085,0.000000,0.095946,0.000000,0.534989,0.000000,0.000000,0.022909,0.000000,0.049788,"Always Defect;Grim Trigger;Contrite TFT;Suspicious TFT;Soft Majority;Alternator"
0.08,0.5,0,20260902,800,14,2.0026,951,1,0.083077,1.244308,0.000000,0.000000,1.000000,0.000000,0.000000,0.000000,0.000000,0.000000,0.000000,0.000000,0.000000,0.000000,0.000000,0.000000,0.000000,0.000000,"Always Defect"
0.08,0.5,1,20260903,800,14,1.9999,800,1,0.086338,1.252688,0.000000,0.000000,1.000000,0.000000,0.000000,0.000000,0.000000,0.000000,0.000000,0.000000,0.000000,0.000000,0.000000,0.000000,0.000000,0.000000,"Always Defect"
0.08,0.5,2,20260904,800,14,1.9973,8765,3,0.287501,1.789588,0.962027,0.000000,0.037973,0.000000,0.000000,0.000000,0.000000,0.000000,0.000000,0.000000,0.741755,0.000000,0.000000,0.000000,0.000000,0.220272,"Always Defect;Suspicious TFT;Alternator"
0.08,0.5,3,20260905,800,14,1.9926,1295,1,0.080210,1.234714,0.000000,0.000000,1.000000,0.000000,0.000000,0.000000,0.000000,0.000000,0.000000,0.000000,0.000000,0.000000,0.000000,0.000000,0.000000,0.000000,"Always Defect"
0.08,0.5,4,20260906,800,14,2.0016,1814,1,0.077592,1.227809,0.000000,0.000000,1.000000,0.000000,0.000000,0.000000,0.000000,0.000000,0.000000,0.000000,0.000000,0.000000,0.000000,0.000000,0.000000,0.000000,"Always Defect"
0.1,0.5,0,20260902,800,14,2.0026,767,1,0.102462,1.300000,0.000000,0.000000,1.000000,0.000000,0.000000,0.000000,0.000000,0.000000,0.000000,0.000000,0.000000,0.000000,0.000000,0.000000,0.000000,0.000000,"Always Defect"
0.1,0.5,1,20260903,800,14,1.9999,717,1,0.106894,1.309298,0.000000,0.000000,1.000000,0.000000,0.000000,0.000000,0.000000,0.000000,0.000000,0.000000,0.000000,0.000000,0.000000,0.000000,0.000000,0.000000,"Always Defect"
0.1,0.5,2,20260904,800,14,1.9973,24896,3,0.299239,1.820018,0.984657,0.000000,0.015343,0.000000,0.000000,0.000000,0.000000,0.000000,0.000000,0.000000,0.780690,0.000000,0.000000,0.000000,0.000000,0.203967,"Always Defect;Suspicious TFT;Alternator"
0.1,0.5,3,20260905,800,14,1.9926,1112,1,0.100263,1.289612,0.000000,0.000000,1.000000,0.000000,0.000000,0.000000,0.000000,0.000000,0.000000,0.000000,0.000000,0.000000,0.000000,0.000000,0.000000,0.000000,"Always Defect"
0.1,0.5,4,20260906,800,14,2.0016,1128,1,0.103352,1.300745,0.000000,0.000000,1.000000,0.000000,0.000000,0.000000,0.000000,0.000000,0.000000,0.000000,0.000000,0.000000,0.000000,0.000000,0.000000,0.000000,"Always Defect"
0.12,0.5,0,20260902,800,14,2.0026,718,1,0.119077,1.346154,0.000000,0.000000,1.000000,0.000000,0.000000,0.000000,0.000000,0.000000,0.000000,0.000000,0.000000,0.000000,0.000000,0.000000,0.000000,0.000000,"Always Defect"
0.12,0.5,1,20260903,800,14,1.9999,655,1,0.129981,1.376028,0.000000,0.000000,1.000000,0.000000,0.000000,0.000000,0.000000,0.000000,0.000000,0.000000,0.000000,0.000000,0.000000,0.000000,0.000000,0.000000,"Always Defect"
0.12,0.5,2,20260904,800,14,1.9973,5601,2,0.299118,1.817758,1.000000,0.000000,0.000000,0.000000,0.000000,0.000000,0.000000,0.000000,0.000000,0.000000,0.839742,0.000000,0.000000,0.000000,0.000000,0.160258,"Suspicious TFT;Alternator"
0.12,0.5,3,20260905,800,14,1.9926,1047,1,0.116700,1.334977,0.000000,0.000000,1.000000,0.000000,0.000000,0.000000,0.000000,0.000000,0.000000,0.000000,0.000000,0.000000,0.000000,0.000000,0.000000,0.000000,"Always Defect"
0.12,0.5,4,20260906,800,14,2.0016,1349,1,0.122284,1.353197,0.000000,0.000000,1.000000,0.000000,0.000000,0.000000,0.000000,0.000000,0.000000,0.000000,0.000000,0.000000,0.000000,0.000000,0.000000,0.000000,"Always Defect"
0.14,0.5,0,20260902,800,14,2.0026,994,1,0.131692,1.382154,0.000000,0.000000,1.000000,0.000000,0.000000,0.000000,0.000000,0.000000,0.000000,0.000000,0.000000,0.000000,0.000000,0.000000,0.000000,0.000000,"Always Defect"
0.14,0.5,1,20260903,800,14,1.9999,771,1,0.144845,1.418090,0.000000,0.000000,1.000000,0.000000,0.000000,0.000000,0.000000,0.000000,0.000000,0.000000,0.000000,0.000000,0.000000,0.000000,0.000000,0.000000,"Always Defect"
0.14,0.5,2,20260904,800,14,1.9973,11967,2,0.297018,1.810480,1.000000,0.000000,0.000000,0.000000,0.000000,0.000000,0.000000,0.000000,0.000000,0.000000,0.873149,0.000000,0.000000,0.000000,0.000000,0.126851,"Suspicious TFT;Alternator"
0.14,0.5,3,20260905,800,14,1.9926,837,1,0.136752,1.390533,0.000000,0.000000,1.000000,0.000000,0.000000,0.000000,0.000000,0.000000,0.000000,0.000000,0.000000,0.000000,0.000000,0.000000,0.000000,0.000000,"Always Defect"
0.14,0.5,4,20260906,800,14,2.0016,1156,1,0.142768,1.410925,0.000000,0.000000,1.000000,0.000000,0.000000,0.000000,0.000000,0.000000,0.000000,0.000000,0.000000,0.000000,0.000000,0.000000,0.000000,0.000000,"Always Defect"
0.16,0.5,0,20260902,800,14,2.0026,898,1,0.153846,1.441846,0.000000,0.000000,1.000000,0.000000,0.000000,0.000000,0.000000,0.000000,0.000000,0.000000,0.000000,0.000000,0.000000,0.000000,0.000000,0.000000,"Always Defect"
0.16,0.5,1,20260903,800,14,1.9999,935,1,0.163188,1.466161,0.000000,0.000000,1.000000,0.000000,0.000000,0.000000,0.000000,0.000000,0.000000,0.000000,0.000000,0.000000,0.000000,0.000000,0.000000,0.000000,"Always Defect"
0.16,0.5,2,20260904,800,14,1.9973,1619,1,0.159731,1.445532,0.000000,0.000000,1.000000,0.000000,0.000000,0.000000,0.000000,0.000000,0.000000,0.000000,0.000000,0.000000,0.000000,0.000000,0.000000,0.000000,"Always Defect"
0.16,0.5,3,20260905,800,14,1.9926,1006,1,0.154504,1.437212,0.000000,0.000000,1.000000,0.000000,0.000000,0.000000,0.000000,0.000000,0.000000,0.000000,0.000000,0.000000,0.000000,0.000000,0.000000,0.000000,"Always Defect"
0.16,0.5,4,20260906,800,14,2.0016,982,1,0.161390,1.463066,0.000000,0.000000,1.000000,0.000000,0.000000,0.000000,0.000000,0.000000,0.000000,0.000000,0.000000,0.000000,0.000000,0.000000,0.000000,0.000000,"Always Defect"
0.18,0.5,0,20260902,800,14,2.0026,1214,1,0.175692,1.500615,0.000000,0.000000,1.000000,0.000000,0.000000,0.000000,0.000000,0.000000,0.000000,0.000000,0.000000,0.000000,0.000000,0.000000,0.000000,0.000000,"Always Defect"
0.18,0.5,1,20260903,800,14,1.9999,773,1,0.181847,1.515813,0.000000,0.000000,1.000000,0.000000,0.000000,0.000000,0.000000,0.000000,0.000000,0.000000,0.000000,0.000000,0.000000,0.000000,0.000000,0.000000,"Always Defect"
0.18,0.5,2,20260904,800,14,1.9973,2181,1,0.178703,1.493880,0.000000,0.000000,1.000000,0.000000,0.000000,0.000000,0.000000,0.000000,0.000000,0.000000,0.000000,0.000000,0.000000,0.000000,0.000000,0.000000,"Always Defect"
0.18,0.5,3,20260905,800,14,1.9926,743,1,0.175214,1.494083,0.000000,0.000000,1.000000,0.000000,0.000000,0.000000,0.000000,0.000000,0.000000,0.000000,0.000000,0.000000,0.000000,0.000000,0.000000,0.000000,"Always Defect"
0.18,0.5,4,20260906,800,14,2.0016,1019,1,0.177529,1.505276,0.000000,0.000000,1.000000,0.000000,0.000000,0.000000,0.000000,0.000000,0.000000,0.000000,0.000000,0.000000,0.000000,0.000000,0.000000,0.000000,"Always Defect"
0.2,0.5,0,20260902,800,14,2.0026,1315,1,0.193846,1.545231,0.000000,0.000000,1.000000,0.000000,0.000000,0.000000,0.000000,0.000000,0.000000,0.000000,0.000000,0.000000,0.000000,0.000000,0.000000,0.000000,"Always Defect"
0.2,0.5,1,20260903,800,14,1.9999,807,1,0.200506,1.565465,0.000000,0.000000,1.000000,0.000000,0.000000,0.000000,0.000000,0.000000,0.000000,0.000000,0.000000,0.000000,0.000000,0.000000,0.000000,0.000000,"Always Defect"
0.2,0.5,2,20260904,800,14,1.9973,3487,1,0.195532,1.538862,0.000000,0.000000,1.000000,0.000000,0.000000,0.000000,0.000000,0.000000,0.000000,0.000000,0.000000,0.000000,0.000000,0.000000,0.000000,0.000000,"Always Defect"
0.2,0.5,3,20260905,800,14,1.9926,682,1,0.194938,1.546022,0.000000,0.000000,1.000000,0.000000,0.000000,0.000000,0.000000,0.000000,0.000000,0.000000,0.000000,0.000000,0.000000,0.000000,0.000000,0.000000,"Always Defect"
0.2,0.5,4,20260906,800,14,2.0016,735,1,0.197083,1.558349,0.000000,0.000000,1.000000,0.000000,0.000000,0.000000,0.000000,0.000000,0.000000,0.000000,0.000000,0.000000,0.000000,0.000000,0.000000,0.000000,"Always Defect"
0,0.6,0,20260902,800,19,2.5048,5323,4,0.537627,2.364612,1.000000,0.000000,0.000000,0.265155,0.000000,0.000000,0.000000,0.000000,0.000000,0.000000,0.329797,0.082631,0.000000,0.000000,0.000000,0.322417,"Tit-for-Tat;Suspicious TFT;Prober;Alternator"
0,0.6,1,20260903,800,19,2.4962,14031,4,0.609369,2.494250,1.000000,0.000000,0.000000,0.000000,0.000000,0.000000,0.000000,0.000000,0.447700,0.000000,0.301830,0.005234,0.000000,0.000000,0.000000,0.245236,"Contrite TFT;Suspicious TFT;Prober;Alternator"
0,0.6,2,20260904,800,19,2.4959,40008,4,0.569735,2.426351,1.000000,0.000000,0.000000,0.000000,0.000000,0.000000,0.000000,0.000000,0.350882,0.000000,0.310729,0.060561,0.000000,0.000000,0.000000,0.277828,"Contrite TFT;Suspicious TFT;Prober;Alternator"
0,0.6,3,20260905,800,19,2.4954,3761,4,0.588778,2.457191,1.000000,0.000000,0.000000,0.396326,0.000000,0.000000,0.000000,0.000000,0.000000,0.000000,0.299850,0.079078,0.000000,0.000000,0.000000,0.224746,"Tit-for-Tat;Suspicious TFT;Prober;Alternator"
0,0.6,4,20260906,800,19,2.4968,15225,5,0.401718,2.056421,0.891242,0.000000,0.108758,0.161683,0.000000,0.000000,0.000000,0.000000,0.000000,0.000000,0.377213,0.083351,0.000000,0.000000,0.000000,0.268995,"Always Defect;Tit-for-Tat;Suspicious TFT;Prober;Alternator"
0.02,0.6,0,20260902,800,19,2.5048,7176,5,0.470775,2.215263,0.936833,0.000000,0.063167,0.253295,0.000000,0.000000,0.000000,0.000000,0.000000,0.000000,0.358743,0.041354,0.000000,0.000000,0.000000,0.283442,"Always Defect;Tit-for-Tat;Suspicious TFT;Prober;Alternator"
0.02,0.6,1,20260903,800,19,2.4962,7253,3,0.695564,2.621411,1.000000,0.000000,0.000000,0.000000,0.000000,0.000000,0.000000,0.000000,0.625815,0.000000,0.245742,0.000000,0.000000,0.000000,0.000000,0.128443,"Contrite TFT;Suspicious TFT;Alternator"
0.02,0.6,2,20260904,800,19,2.4959,10063,5,0.473942,2.228770,0.969327,0.000000,0.030673,0.000000,0.000000,0.000000,0.000000,0.000000,0.220456,0.000000,0.397260,0.035633,0.000000,0.000000,0.000000,0.315978,"Always Defect;Contrite TFT;Suspicious TFT;Prober;Alternator"
0.02,0.6,3,20260905,800,19,2.4954,5276,4,0.515820,2.314231,1.000000,0.000000,0.000000,0.285877,0.000000,0.000000,0.000000,0.000000,0.000000,0.000000,0.385809,0.067560,0.000000,0.000000,0.000000,0.260755,"Tit-for-Tat;Suspicious TFT;Prober;Alternator"
0.02,0.6,4,20260906,800,19,2.4968,27627,5,0.376001,1.990236,0.854846,0.000000,0.145154,0.176056,0.000000,0.000000,0.000000,0.000000,0.000000,0.000000,0.381584,0.078223,0.000000,0.000000,0.000000,0.218983,"Always Defect;Tit-for-Tat;Suspicious TFT;Prober;Alternator"
0.04,0.6,0,20260902,800,19,2.5048,3248,1,0.043201,1.127639,0.000000,0.000000,1.000000,0.000000,0.000000,0.000000,0.000000,0.000000,0.000000,0.000000,0.000000,0.000000,0.000000,0.000000,0.000000,0.000000,"Always Defect"
0.04,0.6,1,20260903,800,19,2.4962,4662,3,0.668616,2.576591,1.000000,0.000000,0.000000,0.000000,0.000000,0.000000,0.000000,0.000000,0.603150,0.000000,0.270835,0.000000,0.000000,0.000000,0.000000,0.126015,"Contrite TFT;Suspicious TFT;Alternator"
0.04,0.6,2,20260904,800,19,2.4959,8869,5,0.409006,2.080042,0.919694,0.000000,0.080306,0.180272,0.000000,0.000000,0.000000,0.000000,0.000000,0.000000,0.449373,0.010378,0.000000,0.000000,0.000000,0.279671,"Always Defect;Tit-for-Tat;Suspicious TFT;Prober;Alternator"
0.04,0.6,3,20260905,800,19,2.4954,3671,4,0.521009,2.318826,1.000000,0.000000,0.000000,0.316454,0.000000,0.000000,0.000000,0.000000,0.000000,0.000000,0.390496,0.065026,0.000000,0.000000,0.000000,0.228024,"Tit-for-Tat;Suspicious TFT;Prober;Alternator"
0.04,0.6,4,20260906,800,19,2.4968,2823,1,0.038100,1.112815,0.000000,0.000000,1.000000,0.000000,0.000000,0.000000,0.000000,0.000000,0.000000,0.000000,0.000000,0.000000,0.000000,0.000000,0.000000,0.000000,"Always Defect"
0.06,0.6,0,20260902,800,19,2.5048,2156,1,0.061119,1.179921,0.000000,0.000000,1.000000,0.000000,0.000000,0.000000,0.000000,0.000000,0.000000,0.000000,0.000000,0.000000,0.000000,0.000000,0.000000,0.000000,"Always Defect"
0.06,0.6,1,20260903,800,19,2.4962,1183,1,0.066719,1.196994,0.000000,0.000000,1.000000,0.000000,0.000000,0.000000,0.000000,0.000000,0.000000,0.000000,0.000000,0.000000,0.000000,0.000000,0.000000,0.000000,"Always Defect"
0.06,0.6,2,20260904,800,19,2.4959,10526,4,0.402282,2.068789,0.965279,0.000000,0.034721,0.119720,0.000000,0.000000,0.000000,0.000000,0.000000,0.000000,0.540030,0.000000,0.000000,0.000000,0.000000,0.305530,"Always Defect;Tit-for-Tat;Suspicious TFT;Alternator"
0.06,0.6,3,20260905,800,19,2.4954,1158,1,0.060158,1.177309,0.000000,0.000000,1.000000,0.000000,0.000000,0.000000,0.000000,0.000000,0.000000,0.000000,0.000000,0.000000,0.000000,0.000000,0.000000,0.000000,"Always Defect"
0.06,0.6,4,20260906,800,19,2.4968,,6,0.298667,1.802020,0.789404,0.000000,0.210596,0.123931,0.000000,0.000000,0.000000,0.000000,0.000554,0.000000,0.457597,0.067332,0.000000,0.000000,0.000000,0.139989,"Always Defect;Tit-for-Tat;Contrite TFT;Suspicious TFT;Prober;Alternator"
0.08,0.6,0,20260902,800,19,2.5048,2108,1,0.081738,1.240304,0.000000,0.000000,1.000000,0.000000,0.000000,0.000000,0.000000,0.000000,0.000000,0.000000,0.000000,0.000000,0.000000,0.000000,0.000000,0.000000,"Always Defect"
0.08,0.6,1,20260903,800,19,2.4962,749,1,0.085443,1.250000,0.000000,0.000000,1.000000,0.000000,0.000000,0.000000,0.000000,0.000000,0.000000,0.000000,0.000000,0.000000,0.000000,0.000000,0.000000,0.000000,"Always Defect"
0.08,0.6,2,20260904,800,19,2.4959,14091,3,0.284931,1.778307,0.845695,0.000000,0.154305,0.000000,0.000000,0.000000,0.000000,0.000000,0.000000,0.000000,0.619628,0.000000,0.000000,0.000000,0.000000,0.226067,"Always Defect;Suspicious TFT;Alternator"
0.08,0.6,3,20260905,800,19,2.4954,947,1,0.083113,1.243536,0.000000,0.000000,1.000000,0.000000,0.000000,0.000000,0.000000,0.000000,0.000000,0.000000,0.000000,0.000000,0.000000,0.000000,0.000000,0.000000,"Always Defect"
0.08,0.6,4,20260906,800,19,2.4968,14682,5,0.302511,1.814627,0.792785,0.000000,0.207215,0.143363,0.000000,0.000000,0.000000,0.000000,0.000000,0.000000,0.490393,0.031737,0.000000,0.000000,0.000000,0.127293,"Always Defect;Tit-for-Tat;Suspicious TFT;Prober;Alternator"
0.1,0.6,0,20260902,800,19,2.5048,1115,1,0.101620,1.296514,0.000000,0.000000,1.000000,0.000000,0.000000,0.000000,0.000000,0.000000,0.000000,0.000000,0.000000,0.000000,0.000000,0.000000,0.000000,0.000000,"Always Defect"
0.1,0.6,1,20260903,800,19,2.4962,689,1,0.106804,1.308808,0.000000,0.000000,1.000000,0.000000,0.000000,0.000000,0.000000,0.000000,0.000000,0.000000,0.000000,0.000000,0.000000,0.000000,0.000000,0.000000,"Always Defect"
0.1,0.6,2,20260904,800,19,2.4959,1579,1,0.098633,1.284180,0.000000,0.000000,1.000000,0.000000,0.000000,0.000000,0.000000,0.000000,0.000000,0.000000,0.000000,0.000000,0.000000,0.000000,0.000000,0.000000,"Always Defect"
0.1,0.6,3,20260905,800,19,2.4954,805,1,0.102375,1.296042,0.000000,0.000000,1.000000,0.000000,0.000000,0.000000,0.000000,0.000000,0.000000,0.000000,0.000000,0.000000,0.000000,0.000000,0.000000,0.000000,"Always Defect"
0.1,0.6,4,20260906,800,19,2.4968,1500,1,0.102672,1.298120,0.000000,0.000000,1.000000,0.000000,0.000000,0.000000,0.000000,0.000000,0.000000,0.000000,0.000000,0.000000,0.000000,0.000000,0.000000,0.000000,"Always Defect"
0.12,0.6,0,20260902,800,19,2.5048,1016,1,0.118802,1.344134,0.000000,0.000000,1.000000,0.000000,0.000000,0.000000,0.000000,0.000000,0.000000,0.000000,0.000000,0.000000,0.000000,0.000000,0.000000,0.000000,"Always Defect"
0.12,0.6,1,20260903,800,19,2.4962,614,1,0.129219,1.373945,0.000000,0.000000,1.000000,0.000000,0.000000,0.000000,0.000000,0.000000,0.000000,0.000000,0.000000,0.000000,0.000000,0.000000,0.000000,0.000000,"Always Defect"
0.12,0.6,2,20260904,800,19,2.4959,10444,3,0.317592,1.862802,0.902573,0.000000,0.097427,0.000000,0.000000,0.000000,0.000000,0.000000,0.000000,0.000000,0.697210,0.000000,0.000000,0.000000,0.000000,0.205363,"Always Defect;Suspicious TFT;Alternator"
0.12,0.6,3,20260905,800,19,2.4954,714,1,0.118997,1.342744,0.000000,0.000000,1.000000,0.000000,0.000000,0.000000,0.000000,0.000000,0.000000,0.000000,0.000000,0.000000,0.000000,0.000000,0.000000,0.000000,"Always Defect"
0.12,0.6,4,20260906,800,19,2.4968,1731,1,0.120980,1.349579,0.000000,0.000000,1.000000,0.000000,0.000000,0.000000,0.000000,0.000000,0.000000,0.000000,0.000000,0.000000,0.000000,0.000000,0.000000,0.000000,"Always Defect"
0.14,0.6,0,20260902,800,19,2.5048,1269,1,0.133530,1.384880,0.000000,0.000000,1.000000,0.000000,0.000000,0.000000,0.000000,0.000000,0.000000,0.000000,0.000000,0.000000,0.000000,0.000000,0.000000,0.000000,"Always Defect"
0.14,0.6,1,20260903,800,19,2.4962,588,1,0.146361,1.421677,0.000000,0.000000,1.000000,0.000000,0.000000,0.000000,0.000000,0.000000,0.000000,0.000000,0.000000,0.000000,0.000000,0.000000,0.000000,0.000000,"Always Defect"
0.14,0.6,2,20260904,800,19,2.4959,7940,3,0.316962,1.854971,0.885921,0.000000,0.114079,0.000000,0.000000,0.000000,0.000000,0.000000,0.000000,0.000000,0.714420,0.000000,0.000000,0.000000,0.000000,0.171501,"Always Defect;Suspicious TFT;Alternator"
0.14,0.6,3,20260905,800,19,2.4954,651,1,0.138522,1.397625,0.000000,0.000000,1.000000,0.000000,0.000000,0.000000,0.000000,0.000000,0.000000,0.000000,0.000000,0.000000,0.000000,0.000000,0.000000,0.000000,"Always Defect"
0.14,0.6,4,20260906,800,19,2.4968,1551,1,0.139535,1.401781,0.000000,0.000000,1.000000,0.000000,0.000000,0.000000,0.000000,0.000000,0.000000,0.000000,0.000000,0.000000,0.000000,0.000000,0.000000,0.000000,"Always Defect"
0.16,0.6,0,20260902,800,19,2.5048,1096,1,0.156112,1.446244,0.000000,0.000000,1.000000,0.000000,0.000000,0.000000,0.000000,0.000000,0.000000,0.000000,0.000000,0.000000,0.000000,0.000000,0.000000,0.000000,"Always Defect"
0.16,0.6,1,20260903,800,19,2.4962,603,1,0.164821,1.470728,0.000000,0.000000,1.000000,0.000000,0.000000,0.000000,0.000000,0.000000,0.000000,0.000000,0.000000,0.000000,0.000000,0.000000,0.000000,0.000000,"Always Defect"
0.16,0.6,2,20260904,800,19,2.4959,1297,1,0.157471,1.442139,0.000000,0.000000,1.000000,0.000000,0.000000,0.000000,0.000000,0.000000,0.000000,0.000000,0.000000,0.000000,0.000000,0.000000,0.000000,0.000000,"Always Defect"
0.16,0.6,3,20260905,800,19,2.4954,693,1,0.158311,1.448549,0.000000,0.000000,1.000000,0.000000,0.000000,0.000000,0.000000,0.000000,0.000000,0.000000,0.000000,0.000000,0.000000,0.000000,0.000000,0.000000,"Always Defect"
0.16,0.6,4,20260906,800,19,2.4968,1005,1,0.158832,1.455220,0.000000,0.000000,1.000000,0.000000,0.000000,0.000000,0.000000,0.000000,0.000000,0.000000,0.000000,0.000000,0.000000,0.000000,0.000000,0.000000,"Always Defect"
0.18,0.6,0,20260902,800,19,2.5048,1267,1,0.177958,1.504418,0.000000,0.000000,1.000000,0.000000,0.000000,0.000000,0.000000,0.000000,0.000000,0.000000,0.000000,0.000000,0.000000,0.000000,0.000000,0.000000,"Always Defect"
0.18,0.6,1,20260903,800,19,2.4962,538,1,0.183544,1.520570,0.000000,0.000000,1.000000,0.000000,0.000000,0.000000,0.000000,0.000000,0.000000,0.000000,0.000000,0.000000,0.000000,0.000000,0.000000,0.000000,"Always Defect"
0.18,0.6,2,20260904,800,19,2.4959,1279,1,0.177734,1.495117,0.000000,0.000000,1.000000,0.000000,0.000000,0.000000,0.000000,0.000000,0.000000,0.000000,0.000000,0.000000,0.000000,0.000000,0.000000,0.000000,"Always Defect"
0.18,0.6,3,20260905,800,19,2.4954,595,1,0.177836,1.501319,0.000000,0.000000,1.000000,0.000000,0.000000,0.000000,0.000000,0.000000,0.000000,0.000000,0.000000,0.000000,0.000000,0.000000,0.000000,0.000000,"Always Defect"
0.18,0.6,4,20260906,800,19,2.4968,1078,1,0.174419,1.496536,0.000000,0.000000,1.000000,0.000000,0.000000,0.000000,0.000000,0.000000,0.000000,0.000000,0.000000,0.000000,0.000000,0.000000,0.000000,0.000000,"Always Defect"
0.2,0.6,0,20260902,800,19,2.5048,1412,1,0.195631,1.549092,0.000000,0.000000,1.000000,0.000000,0.000000,0.000000,0.000000,0.000000,0.000000,0.000000,0.000000,0.000000,0.000000,0.000000,0.000000,0.000000,"Always Defect"
0.2,0.6,1,20260903,800,19,2.4962,583,1,0.200158,1.565137,0.000000,0.000000,1.000000,0.000000,0.000000,0.000000,0.000000,0.000000,0.000000,0.000000,0.000000,0.000000,0.000000,0.000000,0.000000,0.000000,"Always Defect"
0.2,0.6,2,20260904,800,19,2.4959,1534,1,0.193848,1.536133,0.000000,0.000000,1.000000,0.000000,0.000000,0.000000,0.000000,0.000000,0.000000,0.000000,0.000000,0.000000,0.000000,0.000000,0.000000,0.000000,"Always Defect"
0.2,0.6,3,20260905,800,19,2.4954,570,1,0.197889,1.553562,0.000000,0.000000,1.000000,0.000000,0.000000,0.000000,0.000000,0.000000,0.000000,0.000000,0.000000,0.000000,0.000000,0.000000,0.000000,0.000000,"Always Defect"
0.2,0.6,4,20260906,800,19,2.4968,745,1,0.193963,1.548243,0.000000,0.000000,1.000000,0.000000,0.000000,0.000000,0.000000,0.000000,0.000000,0.000000,0.000000,0.000000,0.000000,0.000000,0.000000,0.000000,"Always Defect"
0,0.7,0,20260902,800,26,3.3344,553,10,1.000000,3.000000,1.000000,0.011612,0.000000,0.173207,0.020741,0.153082,0.141175,0.072767,0.163312,0.095513,0.000000,0.000000,0.104167,0.064425,0.000000,0.000000,"Always Cooperate;Tit-for-Tat;Tit-for-Two-Tats;Two-Tits-for-Tat;Grim Trigger;Generous TFT;Contrite TFT;Pavlov;Gradual;Soft Majority"
0,0.7,1,20260903,800,26,3.3252,585,10,1.000000,3.000000,1.000000,0.013024,0.000000,0.163817,0.023541,0.141498,0.130911,0.075350,0.181042,0.087075,0.000000,0.000000,0.114385,0.069358,0.000000,0.000000,"Always Cooperate;Tit-for-Tat;Tit-for-Two-Tats;Two-Tits-for-Tat;Grim Trigger;Generous TFT;Contrite TFT;Pavlov;Gradual;Soft Majority"
0,0.7,2,20260904,800,26,3.3346,559,10,1.000000,3.000000,1.000000,0.012990,0.000000,0.169234,0.023500,0.141831,0.136621,0.077009,0.173934,0.088154,0.000000,0.000000,0.107366,0.069361,0.000000,0.000000,"Always Cooperate;Tit-for-Tat;Tit-for-Two-Tats;Two-Tits-for-Tat;Grim Trigger;Generous TFT;Contrite TFT;Pavlov;Gradual;Soft Majority"
0,0.7,3,20260905,800,26,3.3183,560,10,1.000000,3.000000,1.000000,0.012292,0.000000,0.173114,0.021774,0.144068,0.149569,0.070479,0.164426,0.086636,0.000000,0.000000,0.110140,0.067502,0.000000,0.000000,"Always Cooperate;Tit-for-Tat;Tit-for-Two-Tats;Two-Tits-for-Tat;Grim Trigger;Generous TFT;Contrite TFT;Pavlov;Gradual;Soft Majority"
0,0.7,4,20260906,800,26,3.3303,577,10,1.000000,3.000000,1.000000,0.012131,0.000000,0.164937,0.022911,0.130316,0.149177,0.074513,0.174101,0.094761,0.000000,0.000000,0.107038,0.070113,0.000000,0.000000,"Always Cooperate;Tit-for-Tat;Tit-for-Two-Tats;Two-Tits-for-Tat;Grim Trigger;Generous TFT;Contrite TFT;Pavlov;Gradual;Soft Majority"
0.02,0.7,0,20260902,800,26,3.3344,,5,0.934127,2.930170,1.000000,0.000000,0.000000,0.472147,0.000000,0.000000,0.000000,0.000000,0.408202,0.000000,0.001251,0.000000,0.092979,0.000000,0.000000,0.025421,"Tit-for-Tat;Contrite TFT;Suspicious TFT;Gradual;Alternator"
0.02,0.7,1,20260903,800,26,3.3252,22002,1,0.970937,2.969751,1.000000,0.000000,0.000000,0.000000,0.000000,0.000000,0.000000,0.000000,1.000000,0.000000,0.000000,0.000000,0.000000,0.000000,0.000000,0.000000,"Contrite TFT"
0.02,0.7,2,20260904,800,26,3.3346,,3,0.941325,2.939362,1.000000,0.000000,0.000000,0.935704,0.000000,0.000000,0.000000,0.000000,0.000000,0.000000,0.000000,0.000000,0.000000,0.052728,0.000000,0.011568,"Tit-for-Tat;Soft Majority;Alternator"
0.02,0.7,3,20260905,800,26,3.3183,,5,0.931971,2.926966,1.000000,0.000000,0.000000,0.855351,0.000000,0.000000,0.000000,0.053209,0.000000,0.000000,0.000000,0.006137,0.065483,0.000000,0.000000,0.019821,"Tit-for-Tat;Generous TFT;Prober;Gradual;Alternator"
0.02,0.7,4,20260906,800,26,3.3303,,4,0.942840,2.939515,1.000000,0.000000,0.000000,0.933528,0.000000,0.000000,0.000000,0.054101,0.000000,0.000000,0.000000,0.012290,0.000081,0.000000,0.000000,0.000000,"Tit-for-Tat;Generous TFT;Prober;Gradual"
0.04,0.7,0,20260902,800,26,3.3344,,2,0.934229,2.933138,1.000000,0.000000,0.000000,0.000000,0.000000,0.000000,0.000000,0.000000,0.999963,0.000000,0.000000,0.000000,0.000037,0.000000,0.000000,0.000000,"Contrite TFT;Gradual"
0.04,0.7,1,20260903,800,26,3.3252,4415,1,0.879454,2.810462,1.000000,0.000000,0.000000,0.000000,0.000000,0.000000,1.000000,0.000000,0.000000,0.000000,0.000000,0.000000,0.000000,0.000000,0.000000,0.000000,"Grim Trigger"
0.04,0.7,2,20260904,800,26,3.3346,,5,0.878902,2.866115,1.000000,0.000000,0.000000,0.900829,0.000000,0.000000,0.000000,0.053919,0.000000,0.000000,0.000000,0.002467,0.000000,0.015035,0.000000,0.027750,"Tit-for-Tat;Generous TFT;Prober;Soft Majority;Alternator"
0.04,0.7,3,20260905,800,26,3.3183,41810,4,0.883998,2.865982,1.000000,0.000000,0.000000,0.909653,0.000000,0.000000,0.000000,0.054828,0.000000,0.000000,0.000000,0.018650,0.000000,0.000000,0.000000,0.016869,"Tit-for-Tat;Generous TFT;Prober;Alternator"
0.04,0.7,4,20260906,800,26,3.3303,4985,1,0.939696,2.936963,1.000000,0.000000,0.000000,0.000000,0.000000,0.000000,0.000000,0.000000,1.000000,0.000000,0.000000,0.000000,0.000000,0.000000,0.000000,0.000000,"Contrite TFT"
0.06,0.7,0,20260902,800,26,3.3344,,3,0.856928,2.803426,0.982746,0.000001,0.000000,0.000000,0.405319,0.577426,0.000000,0.000000,0.000000,0.000000,0.000000,0.000000,0.000000,0.000000,0.017254,0.000000,"Tit-for-Two-Tats;Two-Tits-for-Tat;Random"
0.06,0.7,1,20260903,800,26,3.3252,5917,1,0.814064,2.704132,1.000000,0.000000,0.000000,0.000000,0.000000,0.000000,1.000000,0.000000,0.000000,0.000000,0.000000,0.000000,0.000000,0.000000,0.000000,0.000000,"Grim Trigger"
0.06,0.7,2,20260904,800,26,3.3346,24493,5,0.802238,2.760651,1.000000,0.000000,0.000000,0.778276,0.000000,0.000000,0.000000,0.000000,0.000000,0.000000,0.045007,0.010048,0.131294,0.000000,0.000000,0.035375,"Tit-for-Tat;Suspicious TFT;Prober;Gradual;Alternator"
0.06,0.7,3,20260905,800,26,3.3183,11371,4,0.736711,2.677286,1.000000,0.000000,0.000000,0.749153,0.000000,0.000000,0.000000,0.000000,0.000000,0.000000,0.072588,0.022403,0.000000,0.000000,0.000000,0.155857,"Tit-for-Tat;Suspicious TFT;Prober;Alternator"
0.06,0.7,4,20260906,800,26,3.3303,43506,1,0.899688,2.890710,1.000000,0.000000,0.000000,0.000000,0.000000,0.000000,0.000000,0.000000,1.000000,0.000000,0.000000,0.000000,0.000000,0.000000,0.000000,0.000000,"Contrite TFT"
0.08,0.7,0,20260902,800,26,3.3344,7503,4,0.528814,2.337289,1.000000,0.000000,0.000000,0.293271,0.000000,0.000000,0.000000,0.000000,0.000000,0.000000,0.337615,0.045717,0.000000,0.000000,0.000000,0.323397,"Tit-for-Tat;Suspicious TFT;Prober;Alternator"
0.08,0.7,1,20260903,800,26,3.3252,6406,1,0.769712,2.635519,1.000000,0.000000,0.000000,0.000000,0.000000,0.000000,1.000000,0.000000,0.000000,0.000000,0.000000,0.000000,0.000000,0.000000,0.000000,0.000000,"Grim Trigger"
0.08,0.7,2,20260904,800,26,3.3346,,6,0.554635,2.381361,1.000000,0.000000,0.000000,0.405548,0.000000,0.000000,0.000000,0.000000,0.012044,0.000000,0.324134,0.021239,0.004223,0.000000,0.000000,0.232811,"Tit-for-Tat;Contrite TFT;Suspicious TFT;Prober;Gradual;Alternator"
0.08,0.7,3,20260905,800,26,3.3183,28113,1,0.830970,2.799540,1.000000,0.000000,0.000000,1.000000,0.000000,0.000000,0.000000,0.000000,0.000000,0.000000,0.000000,0.000000,0.000000,0.000000,0.000000,0.000000,"Tit-for-Tat"
0.08,0.7,4,20260906,800,26,3.3303,8669,1,0.869633,2.851288,1.000000,0.000000,0.000000,0.000000,0.000000,0.000000,0.000000,0.000000,1.000000,0.000000,0.000000,0.000000,0.000000,0.000000,0.000000,0.000000,"Contrite TFT"
0.1,0.7,0,20260902,800,26,3.3344,1097,1,0.101412,1.295606,0.000000,0.000000,1.000000,0.000000,0.000000,0.000000,0.000000,0.000000,0.000000,0.000000,0.000000,0.000000,0.000000,0.000000,0.000000,0.000000,"Always Defect"
0.1,0.7,1,20260903,800,26,3.3252,730,1,0.104478,1.302828,0.000000,0.000000,1.000000,0.000000,0.000000,0.000000,0.000000,0.000000,0.000000,0.000000,0.000000,0.000000,0.000000,0.000000,0.000000,0.000000,"Always Defect"
0.1,0.7,2,20260904,800,26,3.3346,,5,0.454126,2.177424,0.977328,0.000000,0.022672,0.150948,0.000000,0.000000,0.000000,0.000000,0.000000,0.000000,0.495460,0.000000,0.034554,0.000000,0.000000,0.296366,"Always Defect;Tit-for-Tat;Suspicious TFT;Gradual;Alternator"
0.1,0.7,3,20260905,800,26,3.3183,919,1,0.096561,1.280088,0.000000,0.000000,1.000000,0.000000,0.000000,0.000000,0.000000,0.000000,0.000000,0.000000,0.000000,0.000000,0.000000,0.000000,0.000000,0.000000,"Always Defect"
0.1,0.7,4,20260906,800,26,3.3303,8178,2,0.829222,2.798679,1.000000,0.000000,0.000000,0.000000,0.000000,0.000000,0.000000,0.000000,0.968432,0.000000,0.031568,0.000000,0.000000,0.000000,0.000000,0.000000,"Contrite TFT;Suspicious TFT"
0.12,0.7,0,20260902,800,26,3.3344,904,1,0.118478,1.342487,0.000000,0.000000,1.000000,0.000000,0.000000,0.000000,0.000000,0.000000,0.000000,0.000000,0.000000,0.000000,0.000000,0.000000,0.000000,0.000000,"Always Defect"
0.12,0.7,1,20260903,800,26,3.3252,652,1,0.126277,1.366261,0.000000,0.000000,1.000000,0.000000,0.000000,0.000000,0.000000,0.000000,0.000000,0.000000,0.000000,0.000000,0.000000,0.000000,0.000000,0.000000,"Always Defect"
0.12,0.7,2,20260904,800,26,3.3346,12556,3,0.467387,2.207542,1.000000,0.000000,0.000000,0.207646,0.000000,0.000000,0.000000,0.000000,0.000000,0.000000,0.516251,0.000000,0.000000,0.000000,0.000000,0.276103,"Tit-for-Tat;Suspicious TFT;Alternator"
0.12,0.7,3,20260905,800,26,3.3183,774,1,0.113754,1.328069,0.000000,0.000000,1.000000,0.000000,0.000000,0.000000,0.000000,0.000000,0.000000,0.000000,0.000000,0.000000,0.000000,0.000000,0.000000,0.000000,"Always Defect"
0.12,0.7,4,20260906,800,26,3.3303,1245,1,0.119778,1.346026,0.000000,0.000000,1.000000,0.000000,0.000000,0.000000,0.000000,0.000000,0.000000,0.000000,0.000000,0.000000,0.000000,0.000000,0.000000,0.000000,"Always Defect"
0.14,0.7,0,20260902,800,26,3.3344,919,1,0.134563,1.387211,0.000000,0.000000,1.000000,0.000000,0.000000,0.000000,0.000000,0.000000,0.000000,0.000000,0.000000,0.000000,0.000000,0.000000,0.000000,0.000000,"Always Defect"
0.14,0.7,1,20260903,800,26,3.3252,588,1,0.144148,1.415947,0.000000,0.000000,1.000000,0.000000,0.000000,0.000000,0.000000,0.000000,0.000000,0.000000,0.000000,0.000000,0.000000,0.000000,0.000000,0.000000,"Always Defect"
0.14,0.7,2,20260904,800,26,3.3346,1485,1,0.136736,1.385991,0.000000,0.000000,1.000000,0.000000,0.000000,0.000000,0.000000,0.000000,0.000000,0.000000,0.000000,0.000000,0.000000,0.000000,0.000000,0.000000,"Always Defect"
0.14,0.7,3,20260905,800,26,3.3183,722,1,0.132347,1.380248,0.000000,0.000000,1.000000,0.000000,0.000000,0.000000,0.000000,0.000000,0.000000,0.000000,0.000000,0.000000,0.000000,0.000000,0.000000,0.000000,"Always Defect"
0.14,0.7,4,20260906,800,26,3.3303,1109,1,0.137893,1.397043,0.000000,0.000000,1.000000,0.000000,0.000000,0.000000,0.000000,0.000000,0.000000,0.000000,0.000000,0.000000,0.000000,0.000000,0.000000,0.000000,"Always Defect"
0.16,0.7,0,20260902,800,26,3.3344,901,1,0.156924,1.446842,0.000000,0.000000,1.000000,0.000000,0.000000,0.000000,0.000000,0.000000,0.000000,0.000000,0.000000,0.000000,0.000000,0.000000,0.000000,0.000000,"Always Defect"
0.16,0.7,1,20260903,800,26,3.3252,574,1,0.162804,1.464847,0.000000,0.000000,1.000000,0.000000,0.000000,0.000000,0.000000,0.000000,0.000000,0.000000,0.000000,0.000000,0.000000,0.000000,0.000000,0.000000,"Always Defect"
0.16,0.7,2,20260904,800,26,3.3346,1078,1,0.156297,1.440201,0.000000,0.000000,1.000000,0.000000,0.000000,0.000000,0.000000,0.000000,0.000000,0.000000,0.000000,0.000000,0.000000,0.000000,0.000000,0.000000,"Always Defect"
0.16,0.7,3,20260905,800,26,3.3183,760,1,0.152939,1.434026,0.000000,0.000000,1.000000,0.000000,0.000000,0.000000,0.000000,0.000000,0.000000,0.000000,0.000000,0.000000,0.000000,0.000000,0.000000,0.000000,"Always Defect"
0.16,0.7,4,20260906,800,26,3.3303,766,1,0.156932,1.449723,0.000000,0.000000,1.000000,0.000000,0.000000,0.000000,0.000000,0.000000,0.000000,0.000000,0.000000,0.000000,0.000000,0.000000,0.000000,0.000000,"Always Defect"
0.18,0.7,0,20260902,800,26,3.3344,971,1,0.178501,1.504119,0.000000,0.000000,1.000000,0.000000,0.000000,0.000000,0.000000,0.000000,0.000000,0.000000,0.000000,0.000000,0.000000,0.000000,0.000000,0.000000,"Always Defect"
0.18,0.7,1,20260903,800,26,3.3252,534,1,0.179497,1.509819,0.000000,0.000000,1.000000,0.000000,0.000000,0.000000,0.000000,0.000000,0.000000,0.000000,0.000000,0.000000,0.000000,0.000000,0.000000,0.000000,"Always Defect"
0.18,0.7,2,20260904,800,26,3.3346,880,1,0.176975,1.495902,0.000000,0.000000,1.000000,0.000000,0.000000,0.000000,0.000000,0.000000,0.000000,0.000000,0.000000,0.000000,0.000000,0.000000,0.000000,0.000000,"Always Defect"
0.18,0.7,3,20260905,800,26,3.3183,662,1,0.172931,1.488804,0.000000,0.000000,1.000000,0.000000,0.000000,0.000000,0.000000,0.000000,0.000000,0.000000,0.000000,0.000000,0.000000,0.000000,0.000000,0.000000,"Always Defect"
0.18,0.7,4,20260906,800,26,3.3303,857,1,0.172643,1.491682,0.000000,0.000000,1.000000,0.000000,0.000000,0.000000,0.000000,0.000000,0.000000,0.000000,0.000000,0.000000,0.000000,0.000000,0.000000,0.000000,"Always Defect"
0.2,0.7,0,20260902,800,26,3.3344,1037,1,0.196155,1.548843,0.000000,0.000000,1.000000,0.000000,0.000000,0.000000,0.000000,0.000000,0.000000,0.000000,0.000000,0.000000,0.000000,0.000000,0.000000,0.000000,"Always Defect"
0.2,0.7,1,20260903,800,26,3.3252,572,1,0.198547,1.560683,0.000000,0.000000,1.000000,0.000000,0.000000,0.000000,0.000000,0.000000,0.000000,0.000000,0.000000,0.000000,0.000000,0.000000,0.000000,0.000000,"Always Defect"
0.2,0.7,2,20260904,800,26,3.3346,984,1,0.192809,1.537072,0.000000,0.000000,1.000000,0.000000,0.000000,0.000000,0.000000,0.000000,0.000000,0.000000,0.000000,0.000000,0.000000,0.000000,0.000000,0.000000,"Always Defect"
0.2,0.7,3,20260905,800,26,3.3183,573,1,0.194122,1.543982,0.000000,0.000000,1.000000,0.000000,0.000000,0.000000,0.000000,0.000000,0.000000,0.000000,0.000000,0.000000,0.000000,0.000000,0.000000,0.000000,"Always Defect"
0.2,0.7,4,20260906,800,26,3.3303,678,1,0.191497,1.540481,0.000000,0.000000,1.000000,0.000000,0.000000,0.000000,0.000000,0.000000,0.000000,0.000000,0.000000,0.000000,0.000000,0.000000,0.000000,0.000000,"Always Defect"
0,0.8,0,20260902,800,42,5.0060,373,10,1.000000,3.000000,1.000000,0.034637,0.000000,0.141205,0.048096,0.118312,0.111910,0.093962,0.141843,0.099440,0.000000,0.000000,0.123476,0.087119,0.000000,0.000000,"Always Cooperate;Tit-for-Tat;Tit-for-Two-Tats;Two-Tits-for-Tat;Grim Trigger;Generous TFT;Contrite TFT;Pavlov;Gradual;Soft Majority"
0,0.8,1,20260903,800,42,5.0016,378,10,1.000000,3.000000,1.000000,0.034632,0.000000,0.140079,0.048245,0.115833,0.112647,0.093073,0.144967,0.095936,0.000000,0.000000,0.127117,0.087472,0.000000,0.000000,"Always Cooperate;Tit-for-Tat;Tit-for-Two-Tats;Two-Tits-for-Tat;Grim Trigger;Generous TFT;Contrite TFT;Pavlov;Gradual;Soft Majority"
0,0.8,2,20260904,800,42,5.0234,368,10,1.000000,3.000000,1.000000,0.034635,0.000000,0.141326,0.048363,0.115433,0.113068,0.093225,0.143225,0.096497,0.000000,0.000000,0.125600,0.088628,0.000000,0.000000,"Always Cooperate;Tit-for-Tat;Tit-for-Two-Tats;Two-Tits-for-Tat;Grim Trigger;Generous TFT;Contrite TFT;Pavlov;Gradual;Soft Majority"
0,0.8,3,20260905,800,42,4.9732,384,10,1.000000,3.000000,1.000000,0.033509,0.000000,0.144709,0.047738,0.117788,0.114882,0.091519,0.144575,0.094984,0.000000,0.000000,0.123153,0.087144,0.000000,0.000000,"Always Cooperate;Tit-for-Tat;Tit-for-Two-Tats;Two-Tits-for-Tat;Grim Trigger;Generous TFT;Contrite TFT;Pavlov;Gradual;Soft Majority"
0,0.8,4,20260906,800,42,5.0040,376,10,1.000000,3.000000,1.000000,0.033883,0.000000,0.139862,0.048557,0.114728,0.115646,0.094512,0.144721,0.095987,0.000000,0.000000,0.122656,0.089446,0.000000,0.000000,"Always Cooperate;Tit-for-Tat;Tit-for-Two-Tats;Two-Tits-for-Tat;Grim Trigger;Generous TFT;Contrite TFT;Pavlov;Gradual;Soft Majority"
0.02,0.8,0,20260902,800,42,5.0060,15101,1,0.962140,2.961395,1.000000,0.000000,0.000000,0.000000,0.000000,0.000000,0.000000,0.000000,1.000000,0.000000,0.000000,0.000000,0.000000,0.000000,0.000000,0.000000,"Contrite TFT"
0.02,0.8,1,20260903,800,42,5.0016,11354,1,0.968954,2.967649,1.000000,0.000000,0.000000,0.000000,0.000000,0.000000,0.000000,0.000000,1.000000,0.000000,0.000000,0.000000,0.000000,0.000000,0.000000,0.000000,"Contrite TFT"
0.02,0.8,2,20260904,800,42,5.0234,,4,0.922012,2.916384,1.000000,0.000000,0.000000,0.796397,0.000000,0.000000,0.000000,0.018648,0.000000,0.000000,0.000000,0.000000,0.000000,0.159266,0.000000,0.025689,"Tit-for-Tat;Generous TFT;Soft Majority;Alternator"
0.02,0.8,3,20260905,800,42,4.9732,11506,1,0.967016,2.965267,1.000000,0.000000,0.000000,0.000000,0.000000,0.000000,0.000000,0.000000,1.000000,0.000000,0.000000,0.000000,0.000000,0.000000,0.000000,0.000000,"Contrite TFT"
0.02,0.8,4,20260906,800,42,5.0040,,6,0.930670,2.922097,1.000000,0.000000,0.000000,0.511184,0.000000,0.000000,0.000000,0.424169,0.000000,0.000000,0.000000,0.019328,0.030434,0.004776,0.000000,0.010110,"Tit-for-Tat;Generous TFT;Prober;Gradual;Soft Majority;Alternator"
0.04,0.8,0,20260902,800,42,5.0060,6252,1,0.928376,2.925894,1.000000,0.000000,0.000000,0.000000,0.000000,0.000000,0.000000,0.000000,1.000000,0.000000,0.000000,0.000000,0.000000,0.000000,0.000000,0.000000,"Contrite TFT"
0.04,0.8,1,20260903,800,42,5.0016,3819,1,0.941169,2.937255,1.000000,0.000000,0.000000,0.000000,0.000000,0.000000,0.000000,0.000000,1.000000,0.000000,0.000000,0.000000,0.000000,0.000000,0.000000,0.000000,"Contrite TFT"
0.04,0.8,2,20260904,800,42,5.0234,16844,4,0.863983,2.842849,1.000000,0.000000,0.000000,0.704633,0.000000,0.000000,0.000000,0.000000,0.000000,0.000000,0.000000,0.000000,0.104229,0.150206,0.000000,0.040932,"Tit-for-Tat;Gradual;Soft Majority;Alternator"
0.04,0.8,3,20260905,800,42,4.9732,5215,1,0.934408,2.928411,1.000000,0.000000,0.000000,0.000000,0.000000,0.000000,0.000000,0.000000,1.000000,0.000000,0.000000,0.000000,0.000000,0.000000,0.000000,0.000000,"Contrite TFT"
0.04,0.8,4,20260906,800,42,5.0040,3174,1,0.933485,2.929202,1.000000,0.000000,0.000000,0.000000,0.000000,0.000000,0.000000,0.000000,1.000000,0.000000,0.000000,0.000000,0.000000,0.000000,0.000000,0.000000,"Contrite TFT"
0.06,0.8,0,20260902,800,42,5.0060,7809,1,0.891385,2.881207,1.000000,0.000000,0.000000,0.000000,0.000000,0.000000,0.000000,0.000000,1.000000,0.000000,0.000000,0.000000,0.000000,0.000000,0.000000,0.000000,"Contrite TFT"
0.06,0.8,1,20260903,800,42,5.0016,3929,1,0.905427,2.894208,1.000000,0.000000,0.000000,0.000000,0.000000,0.000000,0.000000,0.000000,1.000000,0.000000,0.000000,0.000000,0.000000,0.000000,0.000000,0.000000,"Contrite TFT"
0.06,0.8,2,20260904,800,42,5.0234,,6,0.837035,2.803834,1.000000,0.064625,0.000000,0.666227,0.000000,0.000000,0.000000,0.000000,0.000000,0.000000,0.000000,0.001551,0.183591,0.064170,0.000000,0.019837,"Always Cooperate;Tit-for-Tat;Prober;Gradual;Soft Majority;Alternator"
0.06,0.8,3,20260905,800,42,4.9732,3152,1,0.906422,2.896427,1.000000,0.000000,0.000000,0.000000,0.000000,0.000000,0.000000,0.000000,1.000000,0.000000,0.000000,0.000000,0.000000,0.000000,0.000000,0.000000,"Contrite TFT"
0.06,0.8,4,20260906,800,42,5.0040,3835,1,0.893469,2.883298,1.000000,0.000000,0.000000,0.000000,0.000000,0.000000,0.000000,0.000000,1.000000,0.000000,0.000000,0.000000,0.000000,0.000000,0.000000,0.000000,"Contrite TFT"
0.08,0.8,0,20260902,800,42,5.0060,25758,1,0.856132,2.836023,1.000000,0.000000,0.000000,0.000000,0.000000,0.000000,0.000000,0.000000,1.000000,0.000000,0.000000,0.000000,0.000000,0.000000,0.000000,0.000000,"Contrite TFT"
0.08,0.8,1,20260903,800,42,5.0016,4579,1,0.872293,2.854031,1.000000,0.000000,0.000000,0.000000,0.000000,0.000000,0.000000,0.000000,1.000000,0.000000,0.000000,0.000000,0.000000,0.000000,0.000000,0.000000,"Contrite TFT"
0.08,0.8,2,20260904,800,42,5.0234,5203,1,0.873288,2.852495,1.000000,0.000000,0.000000,0.000000,0.000000,0.000000,0.000000,0.000000,1.000000,0.000000,0.000000,0.000000,0.000000,0.000000,0.000000,0.000000,"Contrite TFT"
0.08,0.8,3,20260905,800,42,4.9732,4567,1,0.877436,2.858946,1.000000,0.000000,0.000000,0.000000,0.000000,0.000000,0.000000,0.000000,1.000000,0.000000,0.000000,0.000000,0.000000,0.000000,0.000000,0.000000,"Contrite TFT"
0.08,0.8,4,20260906,800,42,5.0040,2636,1,0.861617,2.841542,1.000000,0.000000,0.000000,0.000000,0.000000,0.000000,0.000000,0.000000,1.000000,0.000000,0.000000,0.000000,0.000000,0.000000,0.000000,0.000000,"Contrite TFT"
0.1,0.8,0,20260902,800,42,5.0060,12224,1,0.830313,2.799528,1.000000,0.000000,0.000000,0.000000,0.000000,0.000000,0.000000,0.000000,1.000000,0.000000,0.000000,0.000000,0.000000,0.000000,0.000000,0.000000,"Contrite TFT"
0.1,0.8,1,20260903,800,42,5.0016,2772,1,0.846074,2.819202,1.000000,0.000000,0.000000,0.000000,0.000000,0.000000,0.000000,0.000000,1.000000,0.000000,0.000000,0.000000,0.000000,0.000000,0.000000,0.000000,"Contrite TFT"
0.1,0.8,2,20260904,800,42,5.0234,35859,1,0.836962,2.805895,1.000000,0.000000,0.000000,0.000000,0.000000,0.000000,0.000000,0.000000,1.000000,0.000000,0.000000,0.000000,0.000000,0.000000,0.000000,0.000000,"Contrite TFT"
0.1,0.8,3,20260905,800,42,4.9732,5005,1,0.846577,2.819840,1.000000,0.000000,0.000000,0.000000,0.000000,0.000000,0.000000,0.000000,1.000000,0.000000,0.000000,0.000000,0.000000,0.000000,0.000000,0.000000,"Contrite TFT"
0.1,0.8,4,20260906,800,42,5.0040,1835,1,0.838330,2.810225,1.000000,0.000000,0.000000,0.000000,0.000000,0.000000,0.000000,0.000000,1.000000,0.000000,0.000000,0.000000,0.000000,0.000000,0.000000,0.000000,"Contrite TFT"
0.12,0.8,0,20260902,800,42,5.0060,19180,4,0.736423,2.656294,1.000000,0.000000,0.000000,0.593342,0.000000,0.000000,0.000000,0.131343,0.000000,0.000000,0.000000,0.014761,0.260554,0.000000,0.000000,0.000000,"Tit-for-Tat;Generous TFT;Prober;Gradual"
0.12,0.8,1,20260903,800,42,5.0016,2029,1,0.822854,2.787634,1.000000,0.000000,0.000000,0.000000,0.000000,0.000000,0.000000,0.000000,1.000000,0.000000,0.000000,0.000000,0.000000,0.000000,0.000000,0.000000,"Contrite TFT"
0.12,0.8,2,20260904,800,42,5.0234,12225,2,0.775435,2.719117,1.000000,0.000000,0.000000,0.301632,0.000000,0.000000,0.000000,0.000000,0.698368,0.000000,0.000000,0.000000,0.000000,0.000000,0.000000,0.000000,"Tit-for-Tat;Contrite TFT"
0.12,0.8,3,20260905,800,42,4.9732,4320,1,0.819090,2.784858,1.000000,0.000000,0.000000,0.000000,0.000000,0.000000,0.000000,0.000000,1.000000,0.000000,0.000000,0.000000,0.000000,0.000000,0.000000,0.000000,"Contrite TFT"
0.12,0.8,4,20260906,800,42,5.0040,2076,1,0.811028,2.778105,1.000000,0.000000,0.000000,0.000000,0.000000,0.000000,0.000000,0.000000,1.000000,0.000000,0.000000,0.000000,0.000000,0.000000,0.000000,0.000000,"Contrite TFT"
0.14,0.8,0,20260902,800,42,5.0060,19527,5,0.668416,2.550906,1.000000,0.000000,0.000000,0.808916,0.000000,0.000000,0.000000,0.067198,0.000000,0.000000,0.000000,0.085487,0.000000,0.017645,0.000000,0.020754,"Tit-for-Tat;Generous TFT;Prober;Soft Majority;Alternator"
0.14,0.8,1,20260903,800,42,5.0016,1989,1,0.546811,2.242219,1.000000,0.000000,0.000000,0.000000,0.000000,0.000000,1.000000,0.000000,0.000000,0.000000,0.000000,0.000000,0.000000,0.000000,0.000000,0.000000,"Grim Trigger"
0.14,0.8,2,20260904,800,42,5.0234,32438,5,0.618935,2.481854,1.000000,0.000000,0.000000,0.717151,0.000000,0.000000,0.000000,0.000000,0.000000,0.000000,0.136895,0.018820,0.076063,0.000000,0.000000,0.051071,"Tit-for-Tat;Suspicious TFT;Prober;Gradual;Alternator"
0.14,0.8,3,20260905,800,42,4.9732,,2,0.776958,2.726341,1.000000,0.000000,0.000000,0.099214,0.000000,0.000000,0.000000,0.000000,0.900786,0.000000,0.000000,0.000000,0.000000,0.000000,0.000000,0.000000,"Tit-for-Tat;Contrite TFT"
0.14,0.8,4,20260906,800,42,5.0040,3276,1,0.782254,2.742372,1.000000,0.000000,0.000000,0.000000,0.000000,0.000000,0.000000,0.000000,1.000000,0.000000,0.000000,0.000000,0.000000,0.000000,0.000000,0.000000,"Contrite TFT"
0.16,0.8,0,20260902,800,42,5.0060,766,1,0.158527,1.452599,0.000000,0.000000,1.000000,0.000000,0.000000,0.000000,0.000000,0.000000,0.000000,0.000000,0.000000,0.000000,0.000000,0.000000,0.000000,0.000000,"Always Defect"
0.16,0.8,1,20260903,800,42,5.0016,1317,1,0.532015,2.226403,1.000000,0.000000,0.000000,0.000000,0.000000,0.000000,1.000000,0.000000,0.000000,0.000000,0.000000,0.000000,0.000000,0.000000,0.000000,0.000000,"Grim Trigger"
0.16,0.8,2,20260904,800,42,5.0234,,5,0.560177,2.377984,1.000000,0.000000,0.000000,0.483698,0.000000,0.000000,0.000000,0.000000,0.000000,0.000000,0.266584,0.002627,0.106696,0.000000,0.000000,0.140395,"Tit-for-Tat;Suspicious TFT;Prober;Gradual;Alternator"
0.16,0.8,3,20260905,800,42,4.9732,577,1,0.159537,1.452693,0.000000,0.000000,1.000000,0.000000,0.000000,0.000000,0.000000,0.000000,0.000000,0.000000,0.000000,0.000000,0.000000,0.000000,0.000000,0.000000,"Always Defect"
0.16,0.8,4,20260906,800,42,5.0040,1557,1,0.521994,2.205492,1.000000,0.000000,0.000000,0.000000,0.000000,0.000000,1.000000,0.000000,0.000000,0.000000,0.000000,0.000000,0.000000,0.000000,0.000000,0.000000,"Grim Trigger"
0.18,0.8,0,20260902,800,42,5.0060,735,1,0.178637,1.506399,0.000000,0.000000,1.000000,0.000000,0.000000,0.000000,0.000000,0.000000,0.000000,0.000000,0.000000,0.000000,0.000000,0.000000,0.000000,0.000000,"Always Defect"
0.18,0.8,1,20260903,800,42,5.0016,536,1,0.182953,1.515883,0.000000,0.000000,1.000000,0.000000,0.000000,0.000000,0.000000,0.000000,0.000000,0.000000,0.000000,0.000000,0.000000,0.000000,0.000000,0.000000,"Always Defect"
0.18,0.8,2,20260904,800,42,5.0234,788,1,0.175689,1.496491,0.000000,0.000000,1.000000,0.000000,0.000000,0.000000,0.000000,0.000000,0.000000,0.000000,0.000000,0.000000,0.000000,0.000000,0.000000,0.000000,"Always Defect"
0.18,0.8,3,20260905,800,42,4.9732,493,1,0.179919,1.508304,0.000000,0.000000,1.000000,0.000000,0.000000,0.000000,0.000000,0.000000,0.000000,0.000000,0.000000,0.000000,0.000000,0.000000,0.000000,0.000000,"Always Defect"
0.18,0.8,4,20260906,800,42,5.0040,762,1,0.170030,1.484928,0.000000,0.000000,1.000000,0.000000,0.000000,0.000000,0.000000,0.000000,0.000000,0.000000,0.000000,0.000000,0.000000,0.000000,0.000000,0.000000,"Always Defect"
0.2,0.8,0,20260902,800,42,5.0060,755,1,0.196918,1.553669,0.000000,0.000000,1.000000,0.000000,0.000000,0.000000,0.000000,0.000000,0.000000,0.000000,0.000000,0.000000,0.000000,0.000000,0.000000,0.000000,"Always Defect"
0.2,0.8,1,20260903,800,42,5.0016,542,1,0.201503,1.565713,0.000000,0.000000,1.000000,0.000000,0.000000,0.000000,0.000000,0.000000,0.000000,0.000000,0.000000,0.000000,0.000000,0.000000,0.000000,0.000000,"Always Defect"
0.2,0.8,2,20260904,800,42,5.0234,826,1,0.193484,1.542105,0.000000,0.000000,1.000000,0.000000,0.000000,0.000000,0.000000,0.000000,0.000000,0.000000,0.000000,0.000000,0.000000,0.000000,0.000000,0.000000,"Always Defect"
0.2,0.8,3,20260905,800,42,4.9732,445,1,0.200554,1.562909,0.000000,0.000000,1.000000,0.000000,0.000000,0.000000,0.000000,0.000000,0.000000,0.000000,0.000000,0.000000,0.000000,0.000000,0.000000,0.000000,"Always Defect"
0.2,0.8,4,20260906,800,42,5.0040,627,1,0.190458,1.538989,0.000000,0.000000,1.000000,0.000000,0.000000,0.000000,0.000000,0.000000,0.000000,0.000000,0.000000,0.000000,0.000000,0.000000,0.000000,0.000000,"Always Defect"
0,0.9,0,20260902,800,88,9.9751,239,10,1.000000,3.000000,1.000000,0.047167,0.000000,0.133227,0.064500,0.095311,0.094958,0.102105,0.133475,0.093848,0.000000,0.000000,0.134966,0.100442,0.000000,0.000000,"Always Cooperate;Tit-for-Tat;Tit-for-Two-Tats;Two-Tits-for-Tat;Grim Trigger;Generous TFT;Contrite TFT;Pavlov;Gradual;Soft Majority"
0,0.9,1,20260903,800,88,9.9723,241,10,1.000000,3.000000,1.000000,0.047270,0.000000,0.133328,0.064544,0.096429,0.096438,0.100552,0.133901,0.093051,0.000000,0.000000,0.134434,0.100053,0.000000,0.000000,"Always Cooperate;Tit-for-Tat;Tit-for-Two-Tats;Two-Tits-for-Tat;Grim Trigger;Generous TFT;Contrite TFT;Pavlov;Gradual;Soft Majority"
0,0.9,2,20260904,800,88,10.0549,243,10,1.000000,3.000000,1.000000,0.047107,0.000000,0.133506,0.064121,0.095363,0.095214,0.101588,0.133758,0.094151,0.000000,0.000000,0.134304,0.100887,0.000000,0.000000,"Always Cooperate;Tit-for-Tat;Tit-for-Two-Tats;Two-Tits-for-Tat;Grim Trigger;Generous TFT;Contrite TFT;Pavlov;Gradual;Soft Majority"
0,0.9,3,20260905,800,88,9.9948,240,10,1.000000,3.000000,1.000000,0.048039,0.000000,0.134307,0.064532,0.096498,0.095932,0.099664,0.133071,0.093734,0.000000,0.000000,0.134458,0.099764,0.000000,0.000000,"Always Cooperate;Tit-for-Tat;Tit-for-Two-Tats;Two-Tits-for-Tat;Grim Trigger;Generous TFT;Contrite TFT;Pavlov;Gradual;Soft Majority"
0,0.9,4,20260906,800,88,10.0338,233,10,1.000000,3.000000,1.000000,0.047824,0.000000,0.132464,0.065304,0.094965,0.096333,0.101068,0.133635,0.093483,0.000000,0.000000,0.133868,0.101057,0.000000,0.000000,"Always Cooperate;Tit-for-Tat;Tit-for-Two-Tats;Two-Tits-for-Tat;Grim Trigger;Generous TFT;Contrite TFT;Pavlov;Gradual;Soft Majority"
0.02,0.9,0,20260902,800,88,9.9751,4277,1,0.960041,2.959068,1.000000,0.000000,0.000000,0.000000,0.000000,0.000000,0.000000,0.000000,1.000000,0.000000,0.000000,0.000000,0.000000,0.000000,0.000000,0.000000,"Contrite TFT"
0.02,0.9,1,20260903,800,88,9.9723,6040,1,0.966504,2.963993,1.000000,0.000000,0.000000,0.000000,0.000000,0.000000,0.000000,0.000000,1.000000,0.000000,0.000000,0.000000,0.000000,0.000000,0.000000,0.000000,"Contrite TFT"
0.02,0.9,2,20260904,800,88,10.0549,5069,1,0.965305,2.963763,1.000000,0.000000,0.000000,0.000000,0.000000,0.000000,0.000000,0.000000,1.000000,0.000000,0.000000,0.000000,0.000000,0.000000,0.000000,0.000000,"Contrite TFT"
0.02,0.9,3,20260905,800,88,9.9948,3005,1,0.964977,2.963867,1.000000,0.000000,0.000000,0.000000,0.000000,0.000000,0.000000,0.000000,1.000000,0.000000,0.000000,0.000000,0.000000,0.000000,0.000000,0.000000,"Contrite TFT"
0.02,0.9,4,20260906,800,88,10.0338,3746,1,0.966144,2.965359,1.000000,0.000000,0.000000,0.000000,0.000000,0.000000,0.000000,0.000000,1.000000,0.000000,0.000000,0.000000,0.000000,0.000000,0.000000,0.000000,"Contrite TFT"
0.04,0.9,0,20260902,800,88,9.9751,2117,1,0.925861,2.921846,1.000000,0.000000,0.000000,0.000000,0.000000,0.000000,0.000000,0.000000,1.000000,0.000000,0.000000,0.000000,0.000000,0.000000,0.000000,0.000000,"Contrite TFT"
0.04,0.9,1,20260903,800,88,9.9723,1710,1,0.937038,2.931752,1.000000,0.000000,0.000000,0.000000,0.000000,0.000000,0.000000,0.000000,1.000000,0.000000,0.000000,0.000000,0.000000,0.000000,0.000000,0.000000,"Contrite TFT"
0.04,0.9,2,20260904,800,88,10.0549,2077,1,0.928232,2.923477,1.000000,0.000000,0.000000,0.000000,0.000000,0.000000,0.000000,0.000000,1.000000,0.000000,0.000000,0.000000,0.000000,0.000000,0.000000,0.000000,"Contrite TFT"
0.04,0.9,3,20260905,800,88,9.9948,1607,1,0.930756,2.925823,1.000000,0.000000,0.000000,0.000000,0.000000,0.000000,0.000000,0.000000,1.000000,0.000000,0.000000,0.000000,0.000000,0.000000,0.000000,0.000000,"Contrite TFT"
0.04,0.9,4,20260906,800,88,10.0338,1798,1,0.933137,2.929216,1.000000,0.000000,0.000000,0.000000,0.000000,0.000000,0.000000,0.000000,1.000000,0.000000,0.000000,0.000000,0.000000,0.000000,0.000000,0.000000,"Contrite TFT"
0.06,0.9,0,20260902,800,88,9.9751,2004,1,0.888639,2.877448,1.000000,0.000000,0.000000,0.000000,0.000000,0.000000,0.000000,0.000000,1.000000,0.000000,0.000000,0.000000,0.000000,0.000000,0.000000,0.000000,"Contrite TFT"
0.06,0.9,1,20260903,800,88,9.9723,1413,1,0.903277,2.892970,1.000000,0.000000,0.000000,0.000000,0.000000,0.000000,0.000000,0.000000,1.000000,0.000000,0.000000,0.000000,0.000000,0.000000,0.000000,0.000000,"Contrite TFT"
0.06,0.9,2,20260904,800,88,10.0549,1658,1,0.894500,2.882164,1.000000,0.000000,0.000000,0.000000,0.000000,0.000000,0.000000,0.000000,1.000000,0.000000,0.000000,0.000000,0.000000,0.000000,0.000000,0.000000,"Contrite TFT"
0.06,0.9,3,20260905,800,88,9.9948,1239,1,0.901283,2.891170,1.000000,0.000000,0.000000,0.000000,0.000000,0.000000,0.000000,0.000000,1.000000,0.000000,0.000000,0.000000,0.000000,0.000000,0.000000,0.000000,"Contrite TFT"
0.06,0.9,4,20260906,800,88,10.0338,1660,1,0.896993,2.887974,1.000000,0.000000,0.000000,0.000000,0.000000,0.000000,0.000000,0.000000,1.000000,0.000000,0.000000,0.000000,0.000000,0.000000,0.000000,0.000000,"Contrite TFT"
0.08,0.9,0,20260902,800,88,9.9751,1991,1,0.855614,2.835178,1.000000,0.000000,0.000000,0.000000,0.000000,0.000000,0.000000,0.000000,1.000000,0.000000,0.000000,0.000000,0.000000,0.000000,0.000000,0.000000,"Contrite TFT"
0.08,0.9,1,20260903,800,88,9.9723,1458,1,0.867534,2.848243,1.000000,0.000000,0.000000,0.000000,0.000000,0.000000,0.000000,0.000000,1.000000,0.000000,0.000000,0.000000,0.000000,0.000000,0.000000,0.000000,"Contrite TFT"
0.08,0.9,2,20260904,800,88,10.0549,1386,1,0.865844,2.845926,1.000000,0.000000,0.000000,0.000000,0.000000,0.000000,0.000000,0.000000,1.000000,0.000000,0.000000,0.000000,0.000000,0.000000,0.000000,0.000000,"Contrite TFT"
0.08,0.9,3,20260905,800,88,9.9948,1139,1,0.871254,2.853496,1.000000,0.000000,0.000000,0.000000,0.000000,0.000000,0.000000,0.000000,1.000000,0.000000,0.000000,0.000000,0.000000,0.000000,0.000000,0.000000,"Contrite TFT"
0.08,0.9,4,20260906,800,88,10.0338,1462,1,0.866601,2.849608,1.000000,0.000000,0.000000,0.000000,0.000000,0.000000,0.000000,0.000000,1.000000,0.000000,0.000000,0.000000,0.000000,0.000000,0.000000,0.000000,"Contrite TFT"
0.1,0.9,0,20260902,800,88,9.9751,1771,1,0.824231,2.792361,1.000000,0.000000,0.000000,0.000000,0.000000,0.000000,0.000000,0.000000,1.000000,0.000000,0.000000,0.000000,0.000000,0.000000,0.000000,0.000000,"Contrite TFT"
0.1,0.9,1,20260903,800,88,9.9723,1495,1,0.838002,2.808932,1.000000,0.000000,0.000000,0.000000,0.000000,0.000000,0.000000,0.000000,1.000000,0.000000,0.000000,0.000000,0.000000,0.000000,0.000000,0.000000,"Contrite TFT"
0.1,0.9,2,20260904,800,88,10.0549,1545,1,0.831599,2.799987,1.000000,0.000000,0.000000,0.000000,0.000000,0.000000,0.000000,0.000000,1.000000,0.000000,0.000000,0.000000,0.000000,0.000000,0.000000,0.000000,"Contrite TFT"
0.1,0.9,3,20260905,800,88,9.9948,1152,1,0.839006,2.812369,1.000000,0.000000,0.000000,0.000000,0.000000,0.000000,0.000000,0.000000,1.000000,0.000000,0.000000,0.000000,0.000000,0.000000,0.000000,0.000000,"Contrite TFT"
0.1,0.9,4,20260906,800,88,10.0338,1315,1,0.839935,2.814575,1.000000,0.000000,0.000000,0.000000,0.000000,0.000000,0.000000,0.000000,1.000000,0.000000,0.000000,0.000000,0.000000,0.000000,0.000000,0.000000,"Contrite TFT"
0.12,0.9,0,20260902,800,88,9.9751,1536,1,0.796862,2.753801,1.000000,0.000000,0.000000,0.000000,0.000000,0.000000,0.000000,0.000000,1.000000,0.000000,0.000000,0.000000,0.000000,0.000000,0.000000,0.000000,"Contrite TFT"
0.12,0.9,1,20260903,800,88,9.9723,1223,1,0.813557,2.775634,1.000000,0.000000,0.000000,0.000000,0.000000,0.000000,0.000000,0.000000,1.000000,0.000000,0.000000,0.000000,0.000000,0.000000,0.000000,0.000000,"Contrite TFT"
0.12,0.9,2,20260904,800,88,10.0549,1703,1,0.802107,2.760473,1.000000,0.000000,0.000000,0.000000,0.000000,0.000000,0.000000,0.000000,1.000000,0.000000,0.000000,0.000000,0.000000,0.000000,0.000000,0.000000,"Contrite TFT"
0.12,0.9,3,20260905,800,88,9.9948,1082,1,0.813725,2.779073,1.000000,0.000000,0.000000,0.000000,0.000000,0.000000,0.000000,0.000000,1.000000,0.000000,0.000000,0.000000,0.000000,0.000000,0.000000,0.000000,"Contrite TFT"
0.12,0.9,4,20260906,800,88,10.0338,1309,1,0.811046,2.777582,1.000000,0.000000,0.000000,0.000000,0.000000,0.000000,0.000000,0.000000,1.000000,0.000000,0.000000,0.000000,0.000000,0.000000,0.000000,0.000000,"Contrite TFT"
0.14,0.9,0,20260902,800,88,9.9751,1786,1,0.770648,2.714937,1.000000,0.000000,0.000000,0.000000,0.000000,0.000000,0.000000,0.000000,1.000000,0.000000,0.000000,0.000000,0.000000,0.000000,0.000000,0.000000,"Contrite TFT"
0.14,0.9,1,20260903,800,88,9.9723,1342,1,0.786271,2.736324,1.000000,0.000000,0.000000,0.000000,0.000000,0.000000,0.000000,0.000000,1.000000,0.000000,0.000000,0.000000,0.000000,0.000000,0.000000,0.000000,"Contrite TFT"
0.14,0.9,2,20260904,800,88,10.0549,1540,1,0.774351,2.722051,1.000000,0.000000,0.000000,0.000000,0.000000,0.000000,0.000000,0.000000,1.000000,0.000000,0.000000,0.000000,0.000000,0.000000,0.000000,0.000000,"Contrite TFT"
0.14,0.9,3,20260905,800,88,9.9948,1246,1,0.784869,2.738747,1.000000,0.000000,0.000000,0.000000,0.000000,0.000000,0.000000,0.000000,1.000000,0.000000,0.000000,0.000000,0.000000,0.000000,0.000000,0.000000,"Contrite TFT"
0.14,0.9,4,20260906,800,88,10.0338,1501,1,0.783529,2.742876,1.000000,0.000000,0.000000,0.000000,0.000000,0.000000,0.000000,0.000000,1.000000,0.000000,0.000000,0.000000,0.000000,0.000000,0.000000,0.000000,"Contrite TFT"
0.16,0.9,0,20260902,800,88,9.9751,2027,1,0.747902,2.681000,1.000000,0.000000,0.000000,0.000000,0.000000,0.000000,0.000000,0.000000,1.000000,0.000000,0.000000,0.000000,0.000000,0.000000,0.000000,0.000000,"Contrite TFT"
0.16,0.9,1,20260903,800,88,9.9723,1578,1,0.757400,2.693578,1.000000,0.000000,0.000000,0.000000,0.000000,0.000000,0.000000,0.000000,1.000000,0.000000,0.000000,0.000000,0.000000,0.000000,0.000000,0.000000,"Contrite TFT"
0.16,0.9,2,20260904,800,88,10.0549,1893,1,0.751992,2.690568,1.000000,0.000000,0.000000,0.000000,0.000000,0.000000,0.000000,0.000000,1.000000,0.000000,0.000000,0.000000,0.000000,0.000000,0.000000,0.000000,"Contrite TFT"
0.16,0.9,3,20260905,800,88,9.9948,1750,1,0.759465,2.699038,1.000000,0.000000,0.000000,0.000000,0.000000,0.000000,0.000000,0.000000,1.000000,0.000000,0.000000,0.000000,0.000000,0.000000,0.000000,0.000000,"Contrite TFT"
0.16,0.9,4,20260906,800,88,10.0338,1613,1,0.755882,2.702680,1.000000,0.000000,0.000000,0.000000,0.000000,0.000000,0.000000,0.000000,1.000000,0.000000,0.000000,0.000000,0.000000,0.000000,0.000000,0.000000,"Contrite TFT"
0.18,0.9,0,20260902,800,88,9.9751,14788,5,0.576100,2.403795,1.000000,0.000000,0.000000,0.547946,0.000000,0.000000,0.000000,0.176411,0.000000,0.000000,0.065802,0.014269,0.000000,0.000000,0.000000,0.195572,"Tit-for-Tat;Generous TFT;Suspicious TFT;Prober;Alternator"
0.18,0.9,1,20260903,800,88,9.9723,2250,1,0.732228,2.656382,1.000000,0.000000,0.000000,0.000000,0.000000,0.000000,0.000000,0.000000,1.000000,0.000000,0.000000,0.000000,0.000000,0.000000,0.000000,0.000000,"Contrite TFT"
0.18,0.9,2,20260904,800,88,10.0549,2731,1,0.727319,2.651375,1.000000,0.000000,0.000000,0.000000,0.000000,0.000000,0.000000,0.000000,1.000000,0.000000,0.000000,0.000000,0.000000,0.000000,0.000000,0.000000,"Contrite TFT"
0.18,0.9,3,20260905,800,88,9.9948,2170,1,0.734616,2.661857,1.000000,0.000000,0.000000,0.000000,0.000000,0.000000,0.000000,0.000000,1.000000,0.000000,0.000000,0.000000,0.000000,0.000000,0.000000,0.000000,"Contrite TFT"
0.18,0.9,4,20260906,800,88,10.0338,1673,1,0.733595,2.669150,1.000000,0.000000,0.000000,0.000000,0.000000,0.000000,0.000000,0.000000,1.000000,0.000000,0.000000,0.000000,0.000000,0.000000,0.000000,0.000000,"Contrite TFT"
0.2,0.9,0,20260902,800,88,9.9751,,5,0.499377,2.257002,0.960939,0.000000,0.039061,0.463197,0.000000,0.000000,0.000000,0.000000,0.000000,0.000000,0.268695,0.000002,0.000000,0.000000,0.000000,0.229045,"Always Defect;Tit-for-Tat;Suspicious TFT;Prober;Alternator"
0.2,0.9,1,20260903,800,88,9.9723,3382,1,0.710095,2.621300,1.000000,0.000000,0.000000,0.000000,0.000000,0.000000,0.000000,0.000000,1.000000,0.000000,0.000000,0.000000,0.000000,0.000000,0.000000,0.000000,"Contrite TFT"
0.2,0.9,2,20260904,800,88,10.0549,7746,1,0.704639,2.617129,1.000000,0.000000,0.000000,0.000000,0.000000,0.000000,0.000000,0.000000,1.000000,0.000000,0.000000,0.000000,0.000000,0.000000,0.000000,0.000000,"Contrite TFT"
0.2,0.9,3,20260905,800,88,9.9948,2887,1,0.710075,2.623011,1.000000,0.000000,0.000000,0.000000,0.000000,0.000000,0.000000,0.000000,1.000000,0.000000,0.000000,0.000000,0.000000,0.000000,0.000000,0.000000,"Contrite TFT"
0.2,0.9,4,20260906,800,88,10.0338,1773,1,0.710588,2.632418,1.000000,0.000000,0.000000,0.000000,0.000000,0.000000,0.000000,0.000000,1.000000,0.000000,0.000000,0.000000,0.000000,0.000000,0.000000,0.000000,"Contrite TFT"
0,0.95,0,20260902,501,180,19.9590,200,10,1.000000,3.000000,1.000000,0.051340,0.000000,0.130817,0.070217,0.086186,0.087757,0.103534,0.130871,0.092152,0.000000,0.000000,0.142371,0.104756,0.000000,0.000000,"Always Cooperate;Tit-for-Tat;Tit-for-Two-Tats;Two-Tits-for-Tat;Grim Trigger;Generous TFT;Contrite TFT;Pavlov;Gradual;Soft Majority"
0,0.95,1,20260903,501,180,19.9430,197,10,1.000000,3.000000,1.000000,0.051903,0.000000,0.130011,0.070749,0.086554,0.088399,0.103462,0.130769,0.091776,0.000000,0.000000,0.142792,0.103585,0.000000,0.000000,"Always Cooperate;Tit-for-Tat;Tit-for-Two-Tats;Two-Tits-for-Tat;Grim Trigger;Generous TFT;Contrite TFT;Pavlov;Gradual;Soft Majority"
0,0.95,2,20260904,501,180,20.0996,194,10,1.000000,3.000000,1.000000,0.051771,0.000000,0.130508,0.070840,0.086576,0.089006,0.102668,0.130757,0.092029,0.000000,0.000000,0.141758,0.104088,0.000000,0.000000,"Always Cooperate;Tit-for-Tat;Tit-for-Two-Tats;Two-Tits-for-Tat;Grim Trigger;Generous TFT;Contrite TFT;Pavlov;Gradual;Soft Majority"
0,0.95,3,20260905,501,180,20.0806,200,10,1.000000,3.000000,1.000000,0.051728,0.000000,0.130582,0.070005,0.086710,0.087506,0.105540,0.130217,0.091632,0.000000,0.000000,0.141721,0.104360,0.000000,0.000000,"Always Cooperate;Tit-for-Tat;Tit-for-Two-Tats;Two-Tits-for-Tat;Grim Trigger;Generous TFT;Contrite TFT;Pavlov;Gradual;Soft Majority"
0,0.95,4,20260906,501,180,20.0649,197,10,1.000000,3.000000,1.000000,0.051269,0.000000,0.130729,0.070626,0.085942,0.088741,0.104178,0.130922,0.091360,0.000000,0.000000,0.142278,0.103954,0.000000,0.000000,"Always Cooperate;Tit-for-Tat;Tit-for-Two-Tats;Two-Tits-for-Tat;Grim Trigger;Generous TFT;Contrite TFT;Pavlov;Gradual;Soft Majority"
0.02,0.95,0,20260902,501,180,19.9590,3124,1,0.962205,2.961646,1.000000,0.000000,0.000000,0.000000,0.000000,0.000000,0.000000,0.000000,1.000000,0.000000,0.000000,0.000000,0.000000,0.000000,0.000000,0.000000,"Contrite TFT"
0.02,0.95,1,20260903,501,180,19.9430,3168,1,0.961888,2.959459,1.000000,0.000000,0.000000,0.000000,0.000000,0.000000,0.000000,0.000000,1.000000,0.000000,0.000000,0.000000,0.000000,0.000000,0.000000,0.000000,"Contrite TFT"
0.02,0.95,2,20260904,501,180,20.0996,2799,1,0.963775,2.962345,1.000000,0.000000,0.000000,0.000000,0.000000,0.000000,0.000000,0.000000,1.000000,0.000000,0.000000,0.000000,0.000000,0.000000,0.000000,0.000000,"Contrite TFT"
0.02,0.95,3,20260905,501,180,20.0806,2699,1,0.963469,2.962259,1.000000,0.000000,0.000000,0.000000,0.000000,0.000000,0.000000,0.000000,1.000000,0.000000,0.000000,0.000000,0.000000,0.000000,0.000000,0.000000,"Contrite TFT"
0.02,0.95,4,20260906,501,180,20.0649,4040,1,0.960746,2.959580,1.000000,0.000000,0.000000,0.000000,0.000000,0.000000,0.000000,0.000000,1.000000,0.000000,0.000000,0.000000,0.000000,0.000000,0.000000,0.000000,"Contrite TFT"
0.04,0.95,0,20260902,501,180,19.9590,1737,1,0.927626,2.923059,1.000000,0.000000,0.000000,0.000000,0.000000,0.000000,0.000000,0.000000,1.000000,0.000000,0.000000,0.000000,0.000000,0.000000,0.000000,0.000000,"Contrite TFT"
0.04,0.95,1,20260903,501,180,19.9430,1612,1,0.928896,2.922772,1.000000,0.000000,0.000000,0.000000,0.000000,0.000000,0.000000,0.000000,1.000000,0.000000,0.000000,0.000000,0.000000,0.000000,0.000000,0.000000,"Contrite TFT"
0.04,0.95,2,20260904,501,180,20.0996,1565,1,0.928503,2.923928,1.000000,0.000000,0.000000,0.000000,0.000000,0.000000,0.000000,0.000000,1.000000,0.000000,0.000000,0.000000,0.000000,0.000000,0.000000,0.000000,"Contrite TFT"
0.04,0.95,3,20260905,501,180,20.0806,1543,1,0.928852,2.922906,1.000000,0.000000,0.000000,0.000000,0.000000,0.000000,0.000000,0.000000,1.000000,0.000000,0.000000,0.000000,0.000000,0.000000,0.000000,0.000000,"Contrite TFT"
0.04,0.95,4,20260906,501,180,20.0649,1900,1,0.926205,2.921638,1.000000,0.000000,0.000000,0.000000,0.000000,0.000000,0.000000,0.000000,1.000000,0.000000,0.000000,0.000000,0.000000,0.000000,0.000000,0.000000,"Contrite TFT"
0.06,0.95,0,20260902,501,180,19.9590,1512,1,0.891975,2.882282,1.000000,0.000000,0.000000,0.000000,0.000000,0.000000,0.000000,0.000000,1.000000,0.000000,0.000000,0.000000,0.000000,0.000000,0.000000,0.000000,"Contrite TFT"
0.06,0.95,1,20260903,501,180,19.9430,1221,1,0.896326,2.883974,1.000000,0.000000,0.000000,0.000000,0.000000,0.000000,0.000000,0.000000,1.000000,0.000000,0.000000,0.000000,0.000000,0.000000,0.000000,0.000000,"Contrite TFT"
0.06,0.95,2,20260904,501,180,20.0996,1388,1,0.895234,2.883222,1.000000,0.000000,0.000000,0.000000,0.000000,0.000000,0.000000,0.000000,1.000000,0.000000,0.000000,0.000000,0.000000,0.000000,0.000000,0.000000,"Contrite TFT"
0.06,0.95,3,20260905,501,180,20.0806,1091,1,0.897360,2.885972,1.000000,0.000000,0.000000,0.000000,0.000000,0.000000,0.000000,0.000000,1.000000,0.000000,0.000000,0.000000,0.000000,0.000000,0.000000,0.000000,"Contrite TFT"
0.06,0.95,4,20260906,501,180,20.0649,1300,1,0.892149,2.881850,1.000000,0.000000,0.000000,0.000000,0.000000,0.000000,0.000000,0.000000,1.000000,0.000000,0.000000,0.000000,0.000000,0.000000,0.000000,0.000000,"Contrite TFT"
0.08,0.95,0,20260902,501,180,19.9590,1337,1,0.859167,2.842576,1.000000,0.000000,0.000000,0.000000,0.000000,0.000000,0.000000,0.000000,1.000000,0.000000,0.000000,0.000000,0.000000,0.000000,0.000000,0.000000,"Contrite TFT"
0.08,0.95,1,20260903,501,180,19.9430,1153,1,0.863334,2.842641,1.000000,0.000000,0.000000,0.000000,0.000000,0.000000,0.000000,0.000000,1.000000,0.000000,0.000000,0.000000,0.000000,0.000000,0.000000,0.000000,"Contrite TFT"
0.08,0.95,2,20260904,501,180,20.0996,1056,1,0.861725,2.841230,1.000000,0.000000,0.000000,0.000000,0.000000,0.000000,0.000000,0.000000,1.000000,0.000000,0.000000,0.000000,0.000000,0.000000,0.000000,0.000000,"Contrite TFT"
0.08,0.95,3,20260905,501,180,20.0806,952,1,0.864406,2.844452,1.000000,0.000000,0.000000,0.000000,0.000000,0.000000,0.000000,0.000000,1.000000,0.000000,0.000000,0.000000,0.000000,0.000000,0.000000,0.000000,"Contrite TFT"
0.08,0.95,4,20260906,501,180,20.0649,1102,1,0.863243,2.846434,1.000000,0.000000,0.000000,0.000000,0.000000,0.000000,0.000000,0.000000,1.000000,0.000000,0.000000,0.000000,0.000000,0.000000,0.000000,0.000000,"Contrite TFT"
0.1,0.95,0,20260902,501,180,19.9590,1157,1,0.824914,2.795834,1.000000,0.000000,0.000000,0.000000,0.000000,0.000000,0.000000,0.000000,1.000000,0.000000,0.000000,0.000000,0.000000,0.000000,0.000000,0.000000,"Contrite TFT"
0.1,0.95,1,20260903,501,180,19.9430,1231,1,0.832876,2.802787,1.000000,0.000000,0.000000,0.000000,0.000000,0.000000,0.000000,0.000000,1.000000,0.000000,0.000000,0.000000,0.000000,0.000000,0.000000,0.000000,"Contrite TFT"
0.1,0.95,2,20260904,501,180,20.0996,1139,1,0.829981,2.797855,1.000000,0.000000,0.000000,0.000000,0.000000,0.000000,0.000000,0.000000,1.000000,0.000000,0.000000,0.000000,0.000000,0.000000,0.000000,0.000000,"Contrite TFT"
0.1,0.95,3,20260905,501,180,20.0806,847,1,0.833568,2.805553,1.000000,0.000000,0.000000,0.000000,0.000000,0.000000,0.000000,0.000000,1.000000,0.000000,0.000000,0.000000,0.000000,0.000000,0.000000,0.000000,"Contrite TFT"
0.1,0.95,4,20260906,501,180,20.0649,953,1,0.834677,2.809221,1.000000,0.000000,0.000000,0.000000,0.000000,0.000000,0.000000,0.000000,1.000000,0.000000,0.000000,0.000000,0.000000,0.000000,0.000000,0.000000,"Contrite TFT"
0.12,0.95,0,20260902,501,180,19.9590,1019,1,0.798304,2.759064,1.000000,0.000000,0.000000,0.000000,0.000000,0.000000,0.000000,0.000000,1.000000,0.000000,0.000000,0.000000,0.000000,0.000000,0.000000,0.000000,"Contrite TFT"
0.12,0.95,1,20260903,501,180,19.9430,1066,1,0.805163,2.765255,1.000000,0.000000,0.000000,0.000000,0.000000,0.000000,0.000000,0.000000,1.000000,0.000000,0.000000,0.000000,0.000000,0.000000,0.000000,0.000000,"Contrite TFT"
0.12,0.95,2,20260904,501,180,20.0996,975,1,0.798570,2.755767,1.000000,0.000000,0.000000,0.000000,0.000000,0.000000,0.000000,0.000000,1.000000,0.000000,0.000000,0.000000,0.000000,0.000000,0.000000,0.000000,"Contrite TFT"
0.12,0.95,3,20260905,501,180,20.0806,864,1,0.806762,2.769878,1.000000,0.000000,0.000000,0.000000,0.000000,0.000000,0.000000,0.000000,1.000000,0.000000,0.000000,0.000000,0.000000,0.000000,0.000000,0.000000,"Contrite TFT"
0.12,0.95,4,20260906,501,180,20.0649,810,1,0.807180,2.773271,1.000000,0.000000,0.000000,0.000000,0.000000,0.000000,0.000000,0.000000,1.000000,0.000000,0.000000,0.000000,0.000000,0.000000,0.000000,0.000000,"Contrite TFT"
0.14,0.95,0,20260902,501,180,19.9590,1023,1,0.769130,2.715071,1.000000,0.000000,0.000000,0.000000,0.000000,0.000000,0.000000,0.000000,1.000000,0.000000,0.000000,0.000000,0.000000,0.000000,0.000000,0.000000,"Contrite TFT"
0.14,0.95,1,20260903,501,180,19.9430,1010,1,0.779033,2.727618,1.000000,0.000000,0.000000,0.000000,0.000000,0.000000,0.000000,0.000000,1.000000,0.000000,0.000000,0.000000,0.000000,0.000000,0.000000,0.000000,"Contrite TFT"
0.14,0.95,2,20260904,501,180,20.0996,1144,1,0.768303,2.711201,1.000000,0.000000,0.000000,0.000000,0.000000,0.000000,0.000000,0.000000,1.000000,0.000000,0.000000,0.000000,0.000000,0.000000,0.000000,0.000000,"Contrite TFT"
0.14,0.95,3,20260905,501,180,20.0806,876,1,0.777436,2.728963,1.000000,0.000000,0.000000,0.000000,0.000000,0.000000,0.000000,0.000000,1.000000,0.000000,0.000000,0.000000,0.000000,0.000000,0.000000,0.000000,"Contrite TFT"
0.14,0.95,4,20260906,501,180,20.0649,912,1,0.778080,2.734065,1.000000,0.000000,0.000000,0.000000,0.000000,0.000000,0.000000,0.000000,1.000000,0.000000,0.000000,0.000000,0.000000,0.000000,0.000000,0.000000,"Contrite TFT"
0.16,0.95,0,20260902,501,180,19.9590,1121,1,0.747973,2.684500,1.000000,0.000000,0.000000,0.000000,0.000000,0.000000,0.000000,0.000000,1.000000,0.000000,0.000000,0.000000,0.000000,0.000000,0.000000,0.000000,"Contrite TFT"
0.16,0.95,1,20260903,501,180,19.9430,1055,1,0.753009,2.691565,1.000000,0.000000,0.000000,0.000000,0.000000,0.000000,0.000000,0.000000,1.000000,0.000000,0.000000,0.000000,0.000000,0.000000,0.000000,0.000000,"Contrite TFT"
0.16,0.95,2,20260904,501,180,20.0996,1167,1,0.746806,2.680172,1.000000,0.000000,0.000000,0.000000,0.000000,0.000000,0.000000,0.000000,1.000000,0.000000,0.000000,0.000000,0.000000,0.000000,0.000000,0.000000,"Contrite TFT"
0.16,0.95,3,20260905,501,180,20.0806,1066,1,0.751738,2.688552,1.000000,0.000000,0.000000,0.000000,0.000000,0.000000,0.000000,0.000000,1.000000,0.000000,0.000000,0.000000,0.000000,0.000000,0.000000,0.000000,"Contrite TFT"
0.16,0.95,4,20260906,501,180,20.0649,1137,1,0.752089,2.693888,1.000000,0.000000,0.000000,0.000000,0.000000,0.000000,0.000000,0.000000,1.000000,0.000000,0.000000,0.000000,0.000000,0.000000,0.000000,0.000000,"Contrite TFT"
0.18,0.95,0,20260902,501,180,19.9590,1506,1,0.720384,2.643769,1.000000,0.000000,0.000000,0.000000,0.000000,0.000000,0.000000,0.000000,1.000000,0.000000,0.000000,0.000000,0.000000,0.000000,0.000000,0.000000,"Contrite TFT"
0.18,0.95,1,20260903,501,180,19.9430,1276,1,0.727935,2.653611,1.000000,0.000000,0.000000,0.000000,0.000000,0.000000,0.000000,0.000000,1.000000,0.000000,0.000000,0.000000,0.000000,0.000000,0.000000,0.000000,"Contrite TFT"
0.18,0.95,2,20260904,501,180,20.0996,1326,1,0.721830,2.642517,1.000000,0.000000,0.000000,0.000000,0.000000,0.000000,0.000000,0.000000,1.000000,0.000000,0.000000,0.000000,0.000000,0.000000,0.000000,0.000000,"Contrite TFT"
0.18,0.95,3,20260905,501,180,20.0806,1342,1,0.728510,2.651920,1.000000,0.000000,0.000000,0.000000,0.000000,0.000000,0.000000,0.000000,1.000000,0.000000,0.000000,0.000000,0.000000,0.000000,0.000000,0.000000,"Contrite TFT"
0.18,0.95,4,20260906,501,180,20.0649,1167,1,0.728770,2.658133,1.000000,0.000000,0.000000,0.000000,0.000000,0.000000,0.000000,0.000000,1.000000,0.000000,0.000000,0.000000,0.000000,0.000000,0.000000,0.000000,"Contrite TFT"
0.2,0.95,0,20260902,501,180,19.9590,2237,1,0.698294,2.606580,1.000000,0.000000,0.000000,0.000000,0.000000,0.000000,0.000000,0.000000,1.000000,0.000000,0.000000,0.000000,0.000000,0.000000,0.000000,0.000000,"Contrite TFT"
0.2,0.95,1,20260903,501,180,19.9430,1335,1,0.705817,2.618190,1.000000,0.000000,0.000000,0.000000,0.000000,0.000000,0.000000,0.000000,1.000000,0.000000,0.000000,0.000000,0.000000,0.000000,0.000000,0.000000,"Contrite TFT"
0.2,0.95,2,20260904,501,180,20.0996,1821,1,0.701001,2.610343,1.000000,0.000000,0.000000,0.000000,0.000000,0.000000,0.000000,0.000000,1.000000,0.000000,0.000000,0.000000,0.000000,0.000000,0.000000,0.000000,"Contrite TFT"
0.2,0.95,3,20260905,501,180,20.0806,1530,1,0.706238,2.616346,1.000000,0.000000,0.000000,0.000000,0.000000,0.000000,0.000000,0.000000,1.000000,0.000000,0.000000,0.000000,0.000000,0.000000,0.000000,0.000000,"Contrite TFT"
0.2,0.95,4,20260906,501,180,20.0649,1230,1,0.705062,2.621016,1.000000,0.000000,0.000000,0.000000,0.000000,0.000000,0.000000,0.000000,1.000000,0.000000,0.000000,0.000000,0.000000,0.000000,0.000000,0.000000,"Contrite TFT"
0,0.98,0,20260902,201,456,49.9363,194,10,1.000000,3.000000,1.000000,0.053765,0.000000,0.128293,0.073758,0.079547,0.082281,0.107352,0.128305,0.090118,0.000000,0.000000,0.149145,0.107436,0.000000,0.000000,"Always Cooperate;Tit-for-Tat;Tit-for-Two-Tats;Two-Tits-for-Tat;Grim Trigger;Generous TFT;Contrite TFT;Pavlov;Gradual;Soft Majority"
0,0.98,1,20260903,201,456,49.8254,192,10,1.000000,3.000000,1.000000,0.054032,0.000000,0.128782,0.074077,0.080119,0.083215,0.104209,0.129011,0.090517,0.000000,0.000000,0.149893,0.106145,0.000000,0.000000,"Always Cooperate;Tit-for-Tat;Tit-for-Two-Tats;Two-Tits-for-Tat;Grim Trigger;Generous TFT;Contrite TFT;Pavlov;Gradual;Soft Majority"
0,0.98,2,20260904,201,456,50.3318,191,10,1.000000,3.000000,1.000000,0.053901,0.000000,0.128421,0.074244,0.080133,0.083206,0.104994,0.128651,0.090347,0.000000,0.000000,0.149045,0.107058,0.000000,0.000000,"Always Cooperate;Tit-for-Tat;Tit-for-Two-Tats;Two-Tits-for-Tat;Grim Trigger;Generous TFT;Contrite TFT;Pavlov;Gradual;Soft Majority"
0,0.98,3,20260905,201,456,50.2105,193,10,1.000000,3.000000,1.000000,0.053946,0.000000,0.129023,0.073729,0.080087,0.083028,0.105539,0.128608,0.090040,0.000000,0.000000,0.148419,0.107582,0.000000,0.000000,"Always Cooperate;Tit-for-Tat;Tit-for-Two-Tats;Two-Tits-for-Tat;Grim Trigger;Generous TFT;Contrite TFT;Pavlov;Gradual;Soft Majority"
0,0.98,4,20260906,201,456,50.1311,189,10,1.000000,3.000000,1.000000,0.053908,0.000000,0.129147,0.074103,0.080749,0.083598,0.101785,0.129052,0.090824,0.000000,0.000000,0.149166,0.107668,0.000000,0.000000,"Always Cooperate;Tit-for-Tat;Tit-for-Two-Tats;Two-Tits-for-Tat;Grim Trigger;Generous TFT;Contrite TFT;Pavlov;Gradual;Soft Majority"
0.02,0.98,0,20260902,201,456,49.9363,3191,1,0.960054,2.958853,1.000000,0.000000,0.000000,0.000000,0.000000,0.000000,0.000000,0.000000,1.000000,0.000000,0.000000,0.000000,0.000000,0.000000,0.000000,0.000000,"Contrite TFT"
0.02,0.98,1,20260903,201,456,49.8254,2821,1,0.962277,2.960463,1.000000,0.000000,0.000000,0.000000,0.000000,0.000000,0.000000,0.000000,1.000000,0.000000,0.000000,0.000000,0.000000,0.000000,0.000000,0.000000,"Contrite TFT"
0.02,0.98,2,20260904,201,456,50.3318,2541,1,0.962786,2.961772,1.000000,0.000000,0.000000,0.000000,0.000000,0.000000,0.000000,0.000000,1.000000,0.000000,0.000000,0.000000,0.000000,0.000000,0.000000,0.000000,"Contrite TFT"
0.02,0.98,3,20260905,201,456,50.2105,2818,1,0.963241,2.961820,1.000000,0.000000,0.000000,0.000000,0.000000,0.000000,0.000000,0.000000,1.000000,0.000000,0.000000,0.000000,0.000000,0.000000,0.000000,0.000000,"Contrite TFT"
0.02,0.98,4,20260906,201,456,50.1311,3104,1,0.960122,2.958475,1.000000,0.000000,0.000000,0.000000,0.000000,0.000000,0.000000,0.000000,1.000000,0.000000,0.000000,0.000000,0.000000,0.000000,0.000000,0.000000,"Contrite TFT"
0.04,0.98,0,20260902,201,456,49.9363,1741,1,0.923755,2.919045,1.000000,0.000000,0.000000,0.000000,0.000000,0.000000,0.000000,0.000000,1.000000,0.000000,0.000000,0.000000,0.000000,0.000000,0.000000,0.000000,"Contrite TFT"
0.04,0.98,1,20260903,201,456,49.8254,1485,1,0.924608,2.918525,1.000000,0.000000,0.000000,0.000000,0.000000,0.000000,0.000000,0.000000,1.000000,0.000000,0.000000,0.000000,0.000000,0.000000,0.000000,0.000000,"Contrite TFT"
0.04,0.98,2,20260904,201,456,50.3318,1505,1,0.925234,2.920419,1.000000,0.000000,0.000000,0.000000,0.000000,0.000000,0.000000,0.000000,1.000000,0.000000,0.000000,0.000000,0.000000,0.000000,0.000000,0.000000,"Contrite TFT"
0.04,0.98,3,20260905,201,456,50.2105,1574,1,0.927600,2.922015,1.000000,0.000000,0.000000,0.000000,0.000000,0.000000,0.000000,0.000000,1.000000,0.000000,0.000000,0.000000,0.000000,0.000000,0.000000,0.000000,"Contrite TFT"
0.04,0.98,4,20260906,201,456,50.1311,1643,1,0.924314,2.918306,1.000000,0.000000,0.000000,0.000000,0.000000,0.000000,0.000000,0.000000,1.000000,0.000000,0.000000,0.000000,0.000000,0.000000,0.000000,0.000000,"Contrite TFT"
0.06,0.98,0,20260902,201,456,49.9363,1263,1,0.890690,2.878221,1.000000,0.000000,0.000000,0.000000,0.000000,0.000000,0.000000,0.000000,1.000000,0.000000,0.000000,0.000000,0.000000,0.000000,0.000000,0.000000,"Contrite TFT"
0.06,0.98,1,20260903,201,456,49.8254,1071,1,0.892968,2.880909,1.000000,0.000000,0.000000,0.000000,0.000000,0.000000,0.000000,0.000000,1.000000,0.000000,0.000000,0.000000,0.000000,0.000000,0.000000,0.000000,"Contrite TFT"
0.06,0.98,2,20260904,201,456,50.3318,1096,1,0.892414,2.879910,1.000000,0.000000,0.000000,0.000000,0.000000,0.000000,0.000000,0.000000,1.000000,0.000000,0.000000,0.000000,0.000000,0.000000,0.000000,0.000000,"Contrite TFT"
0.06,0.98,3,20260905,201,456,50.2105,1113,1,0.898152,2.885764,1.000000,0.000000,0.000000,0.000000,0.000000,0.000000,0.000000,0.000000,1.000000,0.000000,0.000000,0.000000,0.000000,0.000000,0.000000,0.000000,"Contrite TFT"
0.06,0.98,4,20260906,201,456,50.1311,1177,1,0.889185,2.877653,1.000000,0.000000,0.000000,0.000000,0.000000,0.000000,0.000000,0.000000,1.000000,0.000000,0.000000,0.000000,0.000000,0.000000,0.000000,0.000000,"Contrite TFT"
0.08,0.98,0,20260902,201,456,49.9363,1082,1,0.859379,2.839337,1.000000,0.000000,0.000000,0.000000,0.000000,0.000000,0.000000,0.000000,1.000000,0.000000,0.000000,0.000000,0.000000,0.000000,0.000000,0.000000,"Contrite TFT"
0.08,0.98,1,20260903,201,456,49.8254,967,1,0.863408,2.843240,1.000000,0.000000,0.000000,0.000000,0.000000,0.000000,0.000000,0.000000,1.000000,0.000000,0.000000,0.000000,0.000000,0.000000,0.000000,0.000000,"Contrite TFT"
0.08,0.98,2,20260904,201,456,50.3318,896,1,0.862507,2.843161,1.000000,0.000000,0.000000,0.000000,0.000000,0.000000,0.000000,0.000000,1.000000,0.000000,0.000000,0.000000,0.000000,0.000000,0.000000,0.000000,"Contrite TFT"
0.08,0.98,3,20260905,201,456,50.2105,953,1,0.864084,2.844892,1.000000,0.000000,0.000000,0.000000,0.000000,0.000000,0.000000,0.000000,1.000000,0.000000,0.000000,0.000000,0.000000,0.000000,0.000000,0.000000,"Contrite TFT"
0.08,0.98,4,20260906,201,456,50.1311,1075,1,0.857496,2.836661,1.000000,0.000000,0.000000,0.000000,0.000000,0.000000,0.000000,0.000000,1.000000,0.000000,0.000000,0.000000,0.000000,0.000000,0.000000,0.000000,"Contrite TFT"
0.1,0.98,0,20260902,201,456,49.9363,1009,1,0.827745,2.798190,1.000000,0.000000,0.000000,0.000000,0.000000,0.000000,0.000000,0.000000,1.000000,0.000000,0.000000,0.000000,0.000000,0.000000,0.000000,0.000000,"Contrite TFT"
0.1,0.98,1,20260903,201,456,49.8254,915,1,0.832782,2.803863,1.000000,0.000000,0.000000,0.000000,0.000000,0.000000,0.000000,0.000000,1.000000,0.000000,0.000000,0.000000,0.000000,0.000000,0.000000,0.000000,"Contrite TFT"
0.1,0.98,2,20260904,201,456,50.3318,915,1,0.830447,2.800372,1.000000,0.000000,0.000000,0.000000,0.000000,0.000000,0.000000,0.000000,1.000000,0.000000,0.000000,0.000000,0.000000,0.000000,0.000000,0.000000,"Contrite TFT"
0.1,0.98,3,20260905,201,456,50.2105,833,1,0.833266,2.805646,1.000000,0.000000,0.000000,0.000000,0.000000,0.000000,0.000000,0.000000,1.000000,0.000000,0.000000,0.000000,0.000000,0.000000,0.000000,0.000000,"Contrite TFT"
0.1,0.98,4,20260906,201,456,50.1311,913,1,0.831476,2.802888,1.000000,0.000000,0.000000,0.000000,0.000000,0.000000,0.000000,0.000000,1.000000,0.000000,0.000000,0.000000,0.000000,0.000000,0.000000,0.000000,"Contrite TFT"
0.12,0.98,0,20260902,201,456,49.9363,892,1,0.797451,2.757181,1.000000,0.000000,0.000000,0.000000,0.000000,0.000000,0.000000,0.000000,1.000000,0.000000,0.000000,0.000000,0.000000,0.000000,0.000000,0.000000,"Contrite TFT"
0.12,0.98,1,20260903,201,456,49.8254,948,1,0.803650,2.763419,1.000000,0.000000,0.000000,0.000000,0.000000,0.000000,0.000000,0.000000,1.000000,0.000000,0.000000,0.000000,0.000000,0.000000,0.000000,0.000000,"Contrite TFT"
0.12,0.98,2,20260904,201,456,50.3318,839,1,0.799654,2.757751,1.000000,0.000000,0.000000,0.000000,0.000000,0.000000,0.000000,0.000000,1.000000,0.000000,0.000000,0.000000,0.000000,0.000000,0.000000,0.000000,"Contrite TFT"
0.12,0.98,3,20260905,201,456,50.2105,832,1,0.803056,2.766095,1.000000,0.000000,0.000000,0.000000,0.000000,0.000000,0.000000,0.000000,1.000000,0.000000,0.000000,0.000000,0.000000,0.000000,0.000000,0.000000,"Contrite TFT"
0.12,0.98,4,20260906,201,456,50.1311,837,1,0.803372,2.765675,1.000000,0.000000,0.000000,0.000000,0.000000,0.000000,0.000000,0.000000,1.000000,0.000000,0.000000,0.000000,0.000000,0.000000,0.000000,0.000000,"Contrite TFT"
0.14,0.98,0,20260902,201,456,49.9363,924,1,0.768680,2.715480,1.000000,0.000000,0.000000,0.000000,0.000000,0.000000,0.000000,0.000000,1.000000,0.000000,0.000000,0.000000,0.000000,0.000000,0.000000,0.000000,"Contrite TFT"
0.14,0.98,1,20260903,201,456,49.8254,759,1,0.777718,2.724896,1.000000,0.000000,0.000000,0.000000,0.000000,0.000000,0.000000,0.000000,1.000000,0.000000,0.000000,0.000000,0.000000,0.000000,0.000000,0.000000,"Contrite TFT"
0.14,0.98,2,20260904,201,456,50.3318,822,1,0.769367,2.713525,1.000000,0.000000,0.000000,0.000000,0.000000,0.000000,0.000000,0.000000,1.000000,0.000000,0.000000,0.000000,0.000000,0.000000,0.000000,0.000000,"Contrite TFT"
0.14,0.98,3,20260905,201,456,50.2105,817,1,0.774421,2.724462,1.000000,0.000000,0.000000,0.000000,0.000000,0.000000,0.000000,0.000000,1.000000,0.000000,0.000000,0.000000,0.000000,0.000000,0.000000,0.000000,"Contrite TFT"
0.14,0.98,4,20260906,201,456,50.1311,755,1,0.776141,2.728559,1.000000,0.000000,0.000000,0.000000,0.000000,0.000000,0.000000,0.000000,1.000000,0.000000,0.000000,0.000000,0.000000,0.000000,0.000000,0.000000,"Contrite TFT"
0.16,0.98,0,20260902,201,456,49.9363,932,1,0.747760,2.686894,1.000000,0.000000,0.000000,0.000000,0.000000,0.000000,0.000000,0.000000,1.000000,0.000000,0.000000,0.000000,0.000000,0.000000,0.000000,0.000000,"Contrite TFT"
0.16,0.98,1,20260903,201,456,49.8254,884,1,0.753121,2.689734,1.000000,0.000000,0.000000,0.000000,0.000000,0.000000,0.000000,0.000000,1.000000,0.000000,0.000000,0.000000,0.000000,0.000000,0.000000,0.000000,"Contrite TFT"
0.16,0.98,2,20260904,201,456,50.3318,882,1,0.746388,2.681254,1.000000,0.000000,0.000000,0.000000,0.000000,0.000000,0.000000,0.000000,1.000000,0.000000,0.000000,0.000000,0.000000,0.000000,0.000000,0.000000,"Contrite TFT"
0.16,0.98,3,20260905,201,456,50.2105,837,1,0.751625,2.690496,1.000000,0.000000,0.000000,0.000000,0.000000,0.000000,0.000000,0.000000,1.000000,0.000000,0.000000,0.000000,0.000000,0.000000,0.000000,0.000000,"Contrite TFT"
0.16,0.98,4,20260906,201,456,50.1311,739,1,0.752350,2.695077,1.000000,0.000000,0.000000,0.000000,0.000000,0.000000,0.000000,0.000000,1.000000,0.000000,0.000000,0.000000,0.000000,0.000000,0.000000,0.000000,"Contrite TFT"
0.18,0.98,0,20260902,201,456,49.9363,949,1,0.721530,2.647455,1.000000,0.000000,0.000000,0.000000,0.000000,0.000000,0.000000,0.000000,1.000000,0.000000,0.000000,0.000000,0.000000,0.000000,0.000000,0.000000,"Contrite TFT"
0.18,0.98,1,20260903,201,456,49.8254,930,1,0.728417,2.648810,1.000000,0.000000,0.000000,0.000000,0.000000,0.000000,0.000000,0.000000,1.000000,0.000000,0.000000,0.000000,0.000000,0.000000,0.000000,0.000000,"Contrite TFT"
0.18,0.98,2,20260904,201,456,50.3318,880,1,0.723283,2.646659,1.000000,0.000000,0.000000,0.000000,0.000000,0.000000,0.000000,0.000000,1.000000,0.000000,0.000000,0.000000,0.000000,0.000000,0.000000,0.000000,"Contrite TFT"
0.18,0.98,3,20260905,201,456,50.2105,954,1,0.729133,2.656022,1.000000,0.000000,0.000000,0.000000,0.000000,0.000000,0.000000,0.000000,1.000000,0.000000,0.000000,0.000000,0.000000,0.000000,0.000000,0.000000,"Contrite TFT"
0.18,0.98,4,20260906,201,456,50.1311,811,1,0.730158,2.663388,1.000000,0.000000,0.000000,0.000000,0.000000,0.000000,0.000000,0.000000,1.000000,0.000000,0.000000,0.000000,0.000000,0.000000,0.000000,0.000000,"Contrite TFT"
0.2,0.98,0,20260902,201,456,49.9363,1226,1,0.698762,2.612035,1.000000,0.000000,0.000000,0.000000,0.000000,0.000000,0.000000,0.000000,1.000000,0.000000,0.000000,0.000000,0.000000,0.000000,0.000000,0.000000,"Contrite TFT"
0.2,0.98,1,20260903,201,456,49.8254,943,1,0.706168,2.615142,1.000000,0.000000,0.000000,0.000000,0.000000,0.000000,0.000000,0.000000,1.000000,0.000000,0.000000,0.000000,0.000000,0.000000,0.000000,0.000000,"Contrite TFT"
0.2,0.98,2,20260904,201,456,50.3318,1110,1,0.699755,2.609867,1.000000,0.000000,0.000000,0.000000,0.000000,0.000000,0.000000,0.000000,1.000000,0.000000,0.000000,0.000000,0.000000,0.000000,0.000000,0.000000,"Contrite TFT"
0.2,0.98,3,20260905,201,456,50.2105,1025,1,0.706082,2.618450,1.000000,0.000000,0.000000,0.000000,0.000000,0.000000,0.000000,0.000000,1.000000,0.000000,0.000000,0.000000,0.000000,0.000000,0.000000,0.000000,"Contrite TFT"
0.2,0.98,4,20260906,201,456,50.1311,821,1,0.709565,2.629906,1.000000,0.000000,0.000000,0.000000,0.000000,0.000000,0.000000,0.000000,1.000000,0.000000,0.000000,0.000000,0.000000,0.000000,0.000000,0.000000,"Contrite TFT"
0,0.99,0,20260902,200,917,100.2809,193,10,1.000000,3.000000,1.000000,0.054532,0.000000,0.127605,0.074917,0.077445,0.080416,0.108095,0.127254,0.089709,0.000000,0.000000,0.152319,0.107708,0.000000,0.000000,"Always Cooperate;Tit-for-Tat;Tit-for-Two-Tats;Two-Tits-for-Tat;Grim Trigger;Generous TFT;Contrite TFT;Pavlov;Gradual;Soft Majority"
0,0.99,1,20260903,200,917,99.9963,190,10,1.000000,3.000000,1.000000,0.054673,0.000000,0.127795,0.075106,0.078216,0.081196,0.105546,0.127747,0.089816,0.000000,0.000000,0.153059,0.106846,0.000000,0.000000,"Always Cooperate;Tit-for-Tat;Tit-for-Two-Tats;Two-Tits-for-Tat;Grim Trigger;Generous TFT;Contrite TFT;Pavlov;Gradual;Soft Majority"
0,0.99,2,20260904,200,917,100.2229,189,10,1.000000,3.000000,1.000000,0.054865,0.000000,0.127724,0.075429,0.078188,0.080940,0.104448,0.127746,0.089906,0.000000,0.000000,0.152760,0.107995,0.000000,0.000000,"Always Cooperate;Tit-for-Tat;Tit-for-Two-Tats;Two-Tits-for-Tat;Grim Trigger;Generous TFT;Contrite TFT;Pavlov;Gradual;Soft Majority"
0,0.99,3,20260905,200,917,100.1382,192,10,1.000000,3.000000,1.000000,0.054687,0.000000,0.127617,0.075005,0.077555,0.080600,0.107087,0.127455,0.089563,0.000000,0.000000,0.152102,0.108329,0.000000,0.000000,"Always Cooperate;Tit-for-Tat;Tit-for-Two-Tats;Two-Tits-for-Tat;Grim Trigger;Generous TFT;Contrite TFT;Pavlov;Gradual;Soft Majority"
0,0.99,4,20260906,200,917,99.4741,187,10,1.000000,3.000000,1.000000,0.055103,0.000000,0.128049,0.075428,0.078676,0.081691,0.102513,0.128098,0.090211,0.000000,0.000000,0.152634,0.107597,0.000000,0.000000,"Always Cooperate;Tit-for-Tat;Tit-for-Two-Tats;Two-Tits-for-Tat;Grim Trigger;Generous TFT;Contrite TFT;Pavlov;Gradual;Soft Majority"
0.02,0.99,0,20260902,200,917,100.2809,3056,1,0.959967,2.958151,1.000000,0.000000,0.000000,0.000000,0.000000,0.000000,0.000000,0.000000,1.000000,0.000000,0.000000,0.000000,0.000000,0.000000,0.000000,0.000000,"Contrite TFT"
0.02,0.99,1,20260903,200,917,99.9963,3225,1,0.960559,2.958414,1.000000,0.000000,0.000000,0.000000,0.000000,0.000000,0.000000,0.000000,1.000000,0.000000,0.000000,0.000000,0.000000,0.000000,0.000000,0.000000,"Contrite TFT"
0.02,0.99,2,20260904,200,917,100.2229,2652,1,0.962106,2.960743,1.000000,0.000000,0.000000,0.000000,0.000000,0.000000,0.000000,0.000000,1.000000,0.000000,0.000000,0.000000,0.000000,0.000000,0.000000,0.000000,"Contrite TFT"
0.02,0.99,3,20260905,200,917,100.1382,2912,1,0.960763,2.959298,1.000000,0.000000,0.000000,0.000000,0.000000,0.000000,0.000000,0.000000,1.000000,0.000000,0.000000,0.000000,0.000000,0.000000,0.000000,0.000000,"Contrite TFT"
0.02,0.99,4,20260906,200,917,99.4741,2877,1,0.959265,2.958077,1.000000,0.000000,0.000000,0.000000,0.000000,0.000000,0.000000,0.000000,1.000000,0.000000,0.000000,0.000000,0.000000,0.000000,0.000000,0.000000,"Contrite TFT"
0.04,0.99,0,20260902,200,917,100.2809,1576,1,0.925085,2.919246,1.000000,0.000000,0.000000,0.000000,0.000000,0.000000,0.000000,0.000000,1.000000,0.000000,0.000000,0.000000,0.000000,0.000000,0.000000,0.000000,"Contrite TFT"
0.04,0.99,1,20260903,200,917,99.9963,1634,1,0.923951,2.917620,1.000000,0.000000,0.000000,0.000000,0.000000,0.000000,0.000000,0.000000,1.000000,0.000000,0.000000,0.000000,0.000000,0.000000,0.000000,0.000000,"Contrite TFT"
0.04,0.99,2,20260904,200,917,100.2229,1500,1,0.923249,2.917704,1.000000,0.000000,0.000000,0.000000,0.000000,0.000000,0.000000,0.000000,1.000000,0.000000,0.000000,0.000000,0.000000,0.000000,0.000000,0.000000,"Contrite TFT"
0.04,0.99,3,20260905,200,917,100.1382,1550,1,0.924255,2.918595,1.000000,0.000000,0.000000,0.000000,0.000000,0.000000,0.000000,0.000000,1.000000,0.000000,0.000000,0.000000,0.000000,0.000000,0.000000,0.000000,"Contrite TFT"
0.04,0.99,4,20260906,200,917,99.4741,1579,1,0.922534,2.916697,1.000000,0.000000,0.000000,0.000000,0.000000,0.000000,0.000000,0.000000,1.000000,0.000000,0.000000,0.000000,0.000000,0.000000,0.000000,0.000000,"Contrite TFT"
0.06,0.99,0,20260902,200,917,100.2809,1157,1,0.890865,2.878649,1.000000,0.000000,0.000000,0.000000,0.000000,0.000000,0.000000,0.000000,1.000000,0.000000,0.000000,0.000000,0.000000,0.000000,0.000000,0.000000,"Contrite TFT"
0.06,0.99,1,20260903,200,917,99.9963,1135,1,0.889845,2.877183,1.000000,0.000000,0.000000,0.000000,0.000000,0.000000,0.000000,0.000000,1.000000,0.000000,0.000000,0.000000,0.000000,0.000000,0.000000,0.000000,"Contrite TFT"
0.06,0.99,2,20260904,200,917,100.2229,1130,1,0.891016,2.878753,1.000000,0.000000,0.000000,0.000000,0.000000,0.000000,0.000000,0.000000,1.000000,0.000000,0.000000,0.000000,0.000000,0.000000,0.000000,0.000000,"Contrite TFT"
0.06,0.99,3,20260905,200,917,100.1382,1149,1,0.892900,2.880419,1.000000,0.000000,0.000000,0.000000,0.000000,0.000000,0.000000,0.000000,1.000000,0.000000,0.000000,0.000000,0.000000,0.000000,0.000000,0.000000,"Contrite TFT"
0.06,0.99,4,20260906,200,917,99.4741,1166,1,0.887534,2.875807,1.000000,0.000000,0.000000,0.000000,0.000000,0.000000,0.000000,0.000000,1.000000,0.000000,0.000000,0.000000,0.000000,0.000000,0.000000,0.000000,"Contrite TFT"
0.08,0.99,0,20260902,200,917,100.2809,939,1,0.860521,2.840652,1.000000,0.000000,0.000000,0.000000,0.000000,0.000000,0.000000,0.000000,1.000000,0.000000,0.000000,0.000000,0.000000,0.000000,0.000000,0.000000,"Contrite TFT"
0.08,0.99,1,20260903,200,917,99.9963,982,1,0.858624,2.836822,1.000000,0.000000,0.000000,0.000000,0.000000,0.000000,0.000000,0.000000,1.000000,0.000000,0.000000,0.000000,0.000000,0.000000,0.000000,0.000000,"Contrite TFT"
0.08,0.99,2,20260904,200,917,100.2229,928,1,0.860241,2.840460,1.000000,0.000000,0.000000,0.000000,0.000000,0.000000,0.000000,0.000000,1.000000,0.000000,0.000000,0.000000,0.000000,0.000000,0.000000,0.000000,"Contrite TFT"
0.08,0.99,3,20260905,200,917,100.1382,973,1,0.859727,2.839414,1.000000,0.000000,0.000000,0.000000,0.000000,0.000000,0.000000,0.000000,1.000000,0.000000,0.000000,0.000000,0.000000,0.000000,0.000000,0.000000,"Contrite TFT"
0.08,0.99,4,20260906,200,917,99.4741,988,1,0.855349,2.834375,1.000000,0.000000,0.000000,0.000000,0.000000,0.000000,0.000000,0.000000,1.000000,0.000000,0.000000,0.000000,0.000000,0.000000,0.000000,0.000000,"Contrite TFT"
0.1,0.99,0,20260902,200,917,100.2809,852,1,0.829956,2.801158,1.000000,0.000000,0.000000,0.000000,0.000000,0.000000,0.000000,0.000000,1.000000,0.000000,0.000000,0.000000,0.000000,0.000000,0.000000,0.000000,"Contrite TFT"
0.1,0.99,1,20260903,200,917,99.9963,872,1,0.828525,2.797993,1.000000,0.000000,0.000000,0.000000,0.000000,0.000000,0.000000,0.000000,1.000000,0.000000,0.000000,0.000000,0.000000,0.000000,0.000000,0.000000,"Contrite TFT"
0.1,0.99,2,20260904,200,917,100.2229,832,1,0.830170,2.800146,1.000000,0.000000,0.000000,0.000000,0.000000,0.000000,0.000000,0.000000,1.000000,0.000000,0.000000,0.000000,0.000000,0.000000,0.000000,0.000000,"Contrite TFT"
0.1,0.99,3,20260905,200,917,100.1382,846,1,0.830040,2.801238,1.000000,0.000000,0.000000,0.000000,0.000000,0.000000,0.000000,0.000000,1.000000,0.000000,0.000000,0.000000,0.000000,0.000000,0.000000,0.000000,"Contrite TFT"
0.1,0.99,4,20260906,200,917,99.4741,897,1,0.825644,2.795371,1.000000,0.000000,0.000000,0.000000,0.000000,0.000000,0.000000,0.000000,1.000000,0.000000,0.000000,0.000000,0.000000,0.000000,0.000000,0.000000,"Contrite TFT"
0.12,0.99,0,20260902,200,917,100.2809,802,1,0.799171,2.759873,1.000000,0.000000,0.000000,0.000000,0.000000,0.000000,0.000000,0.000000,1.000000,0.000000,0.000000,0.000000,0.000000,0.000000,0.000000,0.000000,"Contrite TFT"
0.12,0.99,1,20260903,200,917,99.9963,891,1,0.800878,2.760288,1.000000,0.000000,0.000000,0.000000,0.000000,0.000000,0.000000,0.000000,1.000000,0.000000,0.000000,0.000000,0.000000,0.000000,0.000000,0.000000,"Contrite TFT"
0.12,0.99,2,20260904,200,917,100.2229,809,1,0.800663,2.758845,1.000000,0.000000,0.000000,0.000000,0.000000,0.000000,0.000000,0.000000,1.000000,0.000000,0.000000,0.000000,0.000000,0.000000,0.000000,0.000000,"Contrite TFT"
0.12,0.99,3,20260905,200,917,100.1382,829,1,0.800556,2.762052,1.000000,0.000000,0.000000,0.000000,0.000000,0.000000,0.000000,0.000000,1.000000,0.000000,0.000000,0.000000,0.000000,0.000000,0.000000,0.000000,"Contrite TFT"
0.12,0.99,4,20260906,200,917,99.4741,887,1,0.798910,2.758511,1.000000,0.000000,0.000000,0.000000,0.000000,0.000000,0.000000,0.000000,1.000000,0.000000,0.000000,0.000000,0.000000,0.000000,0.000000,0.000000,"Contrite TFT"
0.14,0.99,0,20260902,200,917,100.2809,813,1,0.771133,2.719276,1.000000,0.000000,0.000000,0.000000,0.000000,0.000000,0.000000,0.000000,1.000000,0.000000,0.000000,0.000000,0.000000,0.000000,0.000000,0.000000,"Contrite TFT"
0.14,0.99,1,20260903,200,917,99.9963,800,1,0.773869,2.720566,1.000000,0.000000,0.000000,0.000000,0.000000,0.000000,0.000000,0.000000,1.000000,0.000000,0.000000,0.000000,0.000000,0.000000,0.000000,0.000000,"Contrite TFT"
0.14,0.99,2,20260904,200,917,100.2229,810,1,0.772048,2.717404,1.000000,0.000000,0.000000,0.000000,0.000000,0.000000,0.000000,0.000000,1.000000,0.000000,0.000000,0.000000,0.000000,0.000000,0.000000,0.000000,"Contrite TFT"
0.14,0.99,3,20260905,200,917,100.1382,813,1,0.772461,2.721223,1.000000,0.000000,0.000000,0.000000,0.000000,0.000000,0.000000,0.000000,1.000000,0.000000,0.000000,0.000000,0.000000,0.000000,0.000000,0.000000,"Contrite TFT"
0.14,0.99,4,20260906,200,917,99.4741,759,1,0.770264,2.718965,1.000000,0.000000,0.000000,0.000000,0.000000,0.000000,0.000000,0.000000,1.000000,0.000000,0.000000,0.000000,0.000000,0.000000,0.000000,0.000000,"Contrite TFT"
0.16,0.99,0,20260902,200,917,100.2809,880,1,0.747805,2.686724,1.000000,0.000000,0.000000,0.000000,0.000000,0.000000,0.000000,0.000000,1.000000,0.000000,0.000000,0.000000,0.000000,0.000000,0.000000,0.000000,"Contrite TFT"
0.16,0.99,1,20260903,200,917,99.9963,959,1,0.748315,2.683167,1.000000,0.000000,0.000000,0.000000,0.000000,0.000000,0.000000,0.000000,1.000000,0.000000,0.000000,0.000000,0.000000,0.000000,0.000000,0.000000,"Contrite TFT"
0.16,0.99,2,20260904,200,917,100.2229,823,1,0.748438,2.683879,1.000000,0.000000,0.000000,0.000000,0.000000,0.000000,0.000000,0.000000,1.000000,0.000000,0.000000,0.000000,0.000000,0.000000,0.000000,0.000000,"Contrite TFT"
0.16,0.99,3,20260905,200,917,100.1382,849,1,0.748964,2.685447,1.000000,0.000000,0.000000,0.000000,0.000000,0.000000,0.000000,0.000000,1.000000,0.000000,0.000000,0.000000,0.000000,0.000000,0.000000,0.000000,"Contrite TFT"
0.16,0.99,4,20260906,200,917,99.4741,790,1,0.745906,2.683138,1.000000,0.000000,0.000000,0.000000,0.000000,0.000000,0.000000,0.000000,1.000000,0.000000,0.000000,0.000000,0.000000,0.000000,0.000000,0.000000,"Contrite TFT"
0.18,0.99,0,20260902,200,917,100.2809,851,1,0.723372,2.648310,1.000000,0.000000,0.000000,0.000000,0.000000,0.000000,0.000000,0.000000,1.000000,0.000000,0.000000,0.000000,0.000000,0.000000,0.000000,0.000000,"Contrite TFT"
0.18,0.99,1,20260903,200,917,99.9963,927,1,0.723935,2.644950,1.000000,0.000000,0.000000,0.000000,0.000000,0.000000,0.000000,0.000000,1.000000,0.000000,0.000000,0.000000,0.000000,0.000000,0.000000,0.000000,"Contrite TFT"
0.18,0.99,2,20260904,200,917,100.2229,811,1,0.725133,2.648734,1.000000,0.000000,0.000000,0.000000,0.000000,0.000000,0.000000,0.000000,1.000000,0.000000,0.000000,0.000000,0.000000,0.000000,0.000000,0.000000,"Contrite TFT"
0.18,0.99,3,20260905,200,917,100.1382,951,1,0.725872,2.649621,1.000000,0.000000,0.000000,0.000000,0.000000,0.000000,0.000000,0.000000,1.000000,0.000000,0.000000,0.000000,0.000000,0.000000,0.000000,0.000000,"Contrite TFT"
0.18,0.99,4,20260906,200,917,99.4741,902,1,0.722968,2.649352,1.000000,0.000000,0.000000,0.000000,0.000000,0.000000,0.000000,0.000000,1.000000,0.000000,0.000000,0.000000,0.000000,0.000000,0.000000,0.000000,"Contrite TFT"
0.2,0.99,0,20260902,200,917,100.2809,964,1,0.700584,2.611833,1.000000,0.000000,0.000000,0.000000,0.000000,0.000000,0.000000,0.000000,1.000000,0.000000,0.000000,0.000000,0.000000,0.000000,0.000000,0.000000,"Contrite TFT"
0.2,0.99,1,20260903,200,917,99.9963,1045,1,0.701088,2.609185,1.000000,0.000000,0.000000,0.000000,0.000000,0.000000,0.000000,0.000000,1.000000,0.000000,0.000000,0.000000,0.000000,0.000000,0.000000,0.000000,"Contrite TFT"
0.2,0.99,2,20260904,200,917,100.2229,985,1,0.701475,2.611967,1.000000,0.000000,0.000000,0.000000,0.000000,0.000000,0.000000,0.000000,1.000000,0.000000,0.000000,0.000000,0.000000,0.000000,0.000000,0.000000,"Contrite TFT"
0.2,0.99,3,20260905,200,917,100.1382,1005,1,0.703032,2.613946,1.000000,0.000000,0.000000,0.000000,0.000000,0.000000,0.000000,0.000000,1.000000,0.000000,0.000000,0.000000,0.000000,0.000000,0.000000,0.000000,"Contrite TFT"
0.2,0.99,4,20260906,200,917,99.4741,873,1,0.701013,2.612569,1.000000,0.000000,0.000000,0.000000,0.000000,0.000000,0.000000,0.000000,1.000000,0.000000,0.000000,0.000000,0.000000,0.000000,0.000000,0.000000,"Contrite TFT"
